{
  "preRequisites:11": [
    624000042
  ],
  "properties:10": {
    "betterquesting:10": {
      "autoclaim:1": 0,
      "desc:8": "A basic method for getting oil early on. Process them like regular ores, then centrifuge for oil. Just don\u0027t expect much, yields are pretty low, not to mention that this is §6even less sustainable than regular oil.",
      "frame:8": "ROUNDED_SQUARE",
      "globalshare:1": 0,
      "icon:10": {
        "Count:3": 1,
        "Damage:2": 32767,
        "OreDict:8": "",
        "id:8": "thermalfoundation:ore_fluid"
      },
      "ignoresview:1": 0,
      "ismain:1": 0,
      "issilent:1": 0,
      "lockedprogress:1": 0,
      "name:8": "Oil Sands",
      "questlogic:8": "AND",
      "repeat_relative:1": 1,
      "repeattime:3": -1,
      "simultaneous:1": 0,
      "snd_complete:8": "minecraft:entity.player.levelup",
      "snd_update:8": "minecraft:entity.player.levelup",
      "tasklogic:8": "AND",
      "visibility:8": "NORMAL"
    }
  },
  "rewards:9": {},
  "tasks:9": {
    "0:10": {
      "autoConsume:1": 0,
      "consume:1": 0,
      "entryLogic:8": "AND",
      "groupDetect:1": 0,
      "ignoreNBT:1": 0,
      "index:3": 0,
      "partialMatch:1": 1,
      "requiredItems:9": {
        "0:10": {
          "Count:3": 16,
          "Damage:2": 32767,
          "OreDict:8": "",
          "id:8": "thermalfoundation:ore_fluid"
        }
      },
      "taskID:8": "bq_standard:retrieval"
    }
  }
}