{
  "preRequisites:11": [
    1992688950
  ],
  "properties:10": {
    "betterquesting:10": {
      "autoclaim:1": 0,
      "desc:8": "Before you launch your §bmissiles,§f you need to craft some first.\n\nMissiles have 3 main parts;\n§5Fuel Tanks, Thrusters, and Warheads.§f\n\nEach tier of missile has their own \"size\" of warhead; for example, the first HE missile requires a \"small\" warhead, the second requiring a \"medium\" and so on. there are 3 sizes of warhead.\n\nSmall- MV\nMedium- HV\nLarge- EV\n\nThere are also 4 major types of missiles; §bIncendiary, Bunker Buster, Cluster, and High-Explosive or HE.\n\n§fYou also need the Launch Pad, which needs to be connecting to an energy source using Red Copper Cables.\n\nFinally, you need a §9Target Designator,§f which you can click onto any block to set the coordinates and then insert into the Launch Pad to direct where the missile may land.\n\nMissiles are not solely for PvP. You can also use them in special recipes for some special materials, but those won\u0027t be disclosed now.. heeheheh",
      "frame:8": "ROUNDED_SQUARE",
      "globalshare:1": 0,
      "icon:10": {
        "Count:3": 1,
        "Damage:2": 0,
        "OreDict:8": "",
        "id:8": "hbm:missile_generic"
      },
      "ignoresview:1": 0,
      "ismain:1": 0,
      "issilent:1": 0,
      "lockedprogress:1": 0,
      "name:8": "Launching Prerequisites",
      "questlogic:8": "AND",
      "repeat_relative:1": 1,
      "repeattime:3": -1,
      "simultaneous:1": 0,
      "snd_complete:8": "minecraft:entity.player.levelup",
      "snd_update:8": "minecraft:entity.player.levelup",
      "tasklogic:8": "AND",
      "visibility:8": "NORMAL"
    }
  },
  "rewards:9": {
    "0:10": {
      "index:3": 0,
      "rewardID:8": "bq_standard:item",
      "rewards:9": {
        "0:10": {
          "Count:3": 1,
          "Damage:2": 0,
          "OreDict:8": "",
          "id:8": "hbm:missile_generic"
        }
      }
    }
  },
  "tasks:9": {
    "0:10": {
      "autoConsume:1": 0,
      "consume:1": 0,
      "entryLogic:8": "AND",
      "groupDetect:1": 0,
      "ignoreNBT:1": 0,
      "index:3": 0,
      "partialMatch:1": 1,
      "requiredItems:9": {
        "0:10": {
          "Count:3": 1,
          "Damage:2": 0,
          "OreDict:8": "",
          "id:8": "hbm:designator"
        }
      },
      "taskID:8": "bq_standard:retrieval"
    },
    "1:10": {
      "autoConsume:1": 0,
      "consume:1": 0,
      "entryLogic:8": "AND",
      "groupDetect:1": 0,
      "ignoreNBT:1": 0,
      "index:3": 1,
      "partialMatch:1": 1,
      "requiredItems:9": {
        "0:10": {
          "Count:3": 1,
          "Damage:2": 0,
          "OreDict:8": "",
          "id:8": "hbm:warhead_generic_small"
        }
      },
      "taskID:8": "bq_standard:retrieval"
    }
  }
}