{
  "preRequisites:11": [
    1280904805,
    1652854028,
    1067607043
  ],
  "properties:10": {
    "betterquesting:10": {
      "autoclaim:1": 0,
      "desc:8": "These §bC§1o§2l§3o§4r§9e§cd§f Lenses§f determine which pattern is engraved into the silicon wafers in the §aLaser Engraver.§f\n\nIn later tiers, you won’t have to keep making flawless gems for lenses, §eas you can use glass lenses and chemical dye instead.",
      "frame:8": "ROUNDED_SQUARE",
      "globalshare:1": 0,
      "icon:10": {
        "Count:3": 1,
        "Damage:2": 311,
        "OreDict:8": "",
        "id:8": "gregtech:meta_lens"
      },
      "ignoresview:1": 0,
      "ismain:1": 0,
      "issilent:1": 0,
      "lockedprogress:1": 0,
      "name:8": "Canon EF-S 24mm f/2.8 STM Camera Lens",
      "questlogic:8": "AND",
      "repeat_relative:1": 1,
      "repeattime:3": -1,
      "simultaneous:1": 0,
      "snd_complete:8": "minecraft:entity.player.levelup",
      "snd_update:8": "minecraft:entity.player.levelup",
      "tasklogic:8": "AND",
      "visibility:8": "NORMAL"
    }
  },
  "rewards:9": {},
  "tasks:9": {
    "0:10": {
      "autoConsume:1": 0,
      "consume:1": 0,
      "entryLogic:8": "AND",
      "groupDetect:1": 0,
      "ignoreNBT:1": 0,
      "index:3": 0,
      "partialMatch:1": 1,
      "requiredItems:9": {
        "0:10": {
          "Count:3": 1,
          "Damage:2": 311,
          "OreDict:8": "",
          "id:8": "gregtech:meta_lens"
        },
        "1:10": {
          "Count:3": 1,
          "Damage:2": 278,
          "OreDict:8": "",
          "id:8": "gregtech:meta_lens"
        }
      },
      "taskID:8": "bq_standard:retrieval"
    }
  }
}