{
  "preRequisites:11": [
    286594349
  ],
  "properties:10": {
    "betterquesting:10": {
      "autoclaim:1": 0,
      "desc:8": "Smelted in ebf to get stainless steel ingots.",
      "frame:8": "ROUNDED_SQUARE",
      "globalshare:1": 0,
      "icon:10": {
        "Count:3": 9,
        "Damage:2": 323,
        "OreDict:8": "",
        "id:8": "gregtech:meta_dust"
      },
      "ignoresview:1": 0,
      "ismain:1": 0,
      "issilent:1": 0,
      "lockedprogress:1": 0,
      "name:8": "Stainless steel dust",
      "questlogic:8": "AND",
      "repeat_relative:1": 1,
      "repeattime:3": -1,
      "simultaneous:1": 0,
      "snd_complete:8": "minecraft:entity.player.levelup",
      "snd_update:8": "minecraft:entity.player.levelup",
      "tasklogic:8": "AND",
      "visibility:8": "NORMAL"
    }
  },
  "rewards:9": {},
  "tasks:9": {
    "0:10": {
      "autoConsume:1": 0,
      "consume:1": 0,
      "entryLogic:8": "AND",
      "groupDetect:1": 0,
      "ignoreNBT:1": 0,
      "index:3": 0,
      "partialMatch:1": 1,
      "requiredItems:9": {
        "0:10": {
          "Count:3": 6,
          "Damage:2": 51,
          "OreDict:8": "",
          "id:8": "gregtech:meta_dust"
        },
        "1:10": {
          "Count:3": 1,
          "Damage:2": 22,
          "OreDict:8": "",
          "id:8": "gregtech:meta_dust"
        },
        "2:10": {
          "Count:3": 1,
          "Damage:2": 61,
          "OreDict:8": "",
          "id:8": "gregtech:meta_dust"
        },
        "3:10": {
          "Count:3": 1,
          "Damage:2": 69,
          "OreDict:8": "",
          "id:8": "gregtech:meta_dust"
        }
      },
      "taskID:8": "bq_standard:optional_retrieval"
    },
    "1:10": {
      "autoConsume:1": 0,
      "consume:1": 0,
      "entryLogic:8": "AND",
      "groupDetect:1": 0,
      "ignoreNBT:1": 0,
      "index:3": 1,
      "partialMatch:1": 1,
      "requiredItems:9": {
        "0:10": {
          "Count:3": 9,
          "Damage:2": 323,
          "OreDict:8": "",
          "id:8": "gregtech:meta_dust"
        }
      },
      "taskID:8": "bq_standard:retrieval"
    }
  }
}