{
  "preRequisites:11": [
    1699445200,
    246020066
  ],
  "properties:10": {
    "betterquesting:10": {
      "autoclaim:1": 0,
      "desc:8": "Brew§a Biochaff §fwith water to obtain §2Biomass.§f\n\nThis recipe can also be done in a Pyrolyse Oven if you need to produce high quantities of ethanol (you will). Refer to the Pyrolyse Oven quest for more info.",
      "frame:8": "ROUNDED_SQUARE",
      "globalshare:1": 0,
      "icon:10": {
        "Count:3": 1,
        "Damage:2": 0,
        "OreDict:8": "",
        "id:8": "forge:bucketfilled",
        "tag:10": {
          "Amount:3": 1000,
          "FluidName:8": "biomass"
        }
      },
      "ignoresview:1": 0,
      "ismain:1": 0,
      "issilent:1": 0,
      "lockedprogress:1": 0,
      "name:8": "Mountain dew?",
      "questlogic:8": "AND",
      "repeat_relative:1": 1,
      "repeattime:3": -1,
      "simultaneous:1": 0,
      "snd_complete:8": "minecraft:entity.player.levelup",
      "snd_update:8": "minecraft:entity.player.levelup",
      "tasklogic:8": "AND",
      "visibility:8": "NORMAL"
    }
  },
  "rewards:9": {
    "0:10": {
      "index:3": 0,
      "rewardID:8": "bq_standard:item",
      "rewards:9": {
        "0:10": {
          "Count:3": 12,
          "Damage:2": 0,
          "OreDict:8": "",
          "id:8": "forestry:crated.sugarcane"
        }
      }
    }
  },
  "tasks:9": {
    "0:10": {
      "autoConsume:1": 0,
      "consume:1": 1,
      "groupDetect:1": 0,
      "ignoreNBT:1": 0,
      "index:3": 1,
      "requiredFluids:9": {
        "0:10": {
          "Amount:3": 100,
          "FluidName:8": "biomass"
        }
      },
      "taskID:8": "bq_standard:fluid"
    }
  }
}