{
  "preRequisites:11": [
    1810267450
  ],
  "properties:10": {
    "betterquesting:10": {
      "autoclaim:1": 0,
      "desc:8": "Can do everything the Coke Oven does but better, which basically means it\u0027s the cooler Coke Oven.\nIt also yields organic byproducts like wood tar and biomass, which is what we\u0027re after.\nIt can be overclocked like other multiblocks and can wallshare, but unlike the EBF, you technically don\u0027t need to upgrade the coils past cupronickel. However, upgrading them increases processing speed by 50% for each tier after kanthal.",
      "frame:8": "ROUNDED_SQUARE",
      "globalshare:1": 0,
      "icon:10": {
        "Count:3": 1,
        "Damage:2": 1004,
        "OreDict:8": "",
        "id:8": "gregtech:machine"
      },
      "ignoresview:1": 0,
      "ismain:1": 0,
      "issilent:1": 0,
      "lockedprogress:1": 0,
      "name:8": "Pyrolyse Oven",
      "questlogic:8": "AND",
      "repeat_relative:1": 1,
      "repeattime:3": -1,
      "simultaneous:1": 0,
      "snd_complete:8": "minecraft:entity.player.levelup",
      "snd_update:8": "minecraft:entity.player.levelup",
      "tasklogic:8": "AND",
      "visibility:8": "NORMAL"
    }
  },
  "rewards:9": {},
  "tasks:9": {
    "0:10": {
      "autoConsume:1": 0,
      "consume:1": 0,
      "entryLogic:8": "AND",
      "groupDetect:1": 0,
      "ignoreNBT:1": 0,
      "index:3": 0,
      "partialMatch:1": 1,
      "requiredItems:9": {
        "0:10": {
          "Count:3": 1,
          "Damage:2": 1004,
          "OreDict:8": "",
          "id:8": "gregtech:machine"
        },
        "1:10": {
          "Count:3": 10,
          "Damage:2": 0,
          "OreDict:8": "",
          "id:8": "gregtech:machine_casing"
        },
        "2:10": {
          "Count:3": 16,
          "Damage:2": 0,
          "OreDict:8": "",
          "id:8": "gregtech:wire_coil"
        },
        "3:10": {
          "Count:3": 1,
          "Damage:2": 1181,
          "OreDict:8": "",
          "id:8": "gregtech:machine"
        },
        "4:10": {
          "Count:3": 1,
          "Damage:2": 1196,
          "OreDict:8": "",
          "id:8": "gregtech:machine"
        },
        "5:10": {
          "Count:3": 1,
          "Damage:2": 1151,
          "OreDict:8": "",
          "id:8": "gregtech:machine"
        },
        "6:10": {
          "Count:3": 1,
          "Damage:2": 1166,
          "OreDict:8": "",
          "id:8": "gregtech:machine"
        },
        "7:10": {
          "Count:3": 1,
          "Damage:2": 1657,
          "OreDict:8": "",
          "id:8": "gregtech:machine"
        },
        "8:10": {
          "Count:3": 1,
          "Damage:2": 1654,
          "OreDict:8": "",
          "id:8": "gregtech:machine"
        },
        "9:10": {
          "Count:3": 1,
          "Damage:2": 1211,
          "OreDict:8": "",
          "id:8": "gregtech:machine"
        }
      },
      "taskID:8": "bq_standard:retrieval"
    }
  }
}