{
  "preRequisites:11": [
    624000042
  ],
  "properties:10": {
    "betterquesting:10": {
      "autoclaim:1": 0,
      "desc:8": "Your go-to for oil extraction, this multiblock pulls oil from below bedrock until the fluid vein runs dry.\n\nFluid veins cover 8x8 chunks and usually contain oil (though you might hit natural gas or saltwater). The yield varies, usually between 150L to 300L per second. As you pump, the vein depletes, and the flow slows until it’s tapped out.",
      "frame:8": "ROUNDED_SQUARE",
      "globalshare:1": 0,
      "icon:10": {
        "Count:3": 1,
        "Damage:2": 1032,
        "OreDict:8": "",
        "id:8": "gregtech:machine"
      },
      "ignoresview:1": 0,
      "ismain:1": 0,
      "issilent:1": 0,
      "lockedprogress:1": 0,
      "name:8": "Basic Fluid Drilling Rig",
      "questlogic:8": "AND",
      "repeat_relative:1": 1,
      "repeattime:3": -1,
      "simultaneous:1": 0,
      "snd_complete:8": "minecraft:entity.player.levelup",
      "snd_update:8": "minecraft:entity.player.levelup",
      "tasklogic:8": "AND",
      "visibility:8": "NORMAL"
    }
  },
  "rewards:9": {},
  "tasks:9": {
    "0:10": {
      "autoConsume:1": 0,
      "consume:1": 0,
      "entryLogic:8": "AND",
      "groupDetect:1": 0,
      "ignoreNBT:1": 0,
      "index:3": 0,
      "partialMatch:1": 1,
      "requiredItems:9": {
        "0:10": {
          "Count:3": 1,
          "Damage:2": 1032,
          "OreDict:8": "",
          "id:8": "gregtech:machine"
        },
        "1:10": {
          "Count:3": 15,
          "Damage:2": 4,
          "OreDict:8": "",
          "id:8": "gregtech:meta_block_frame_20"
        },
        "2:10": {
          "Count:3": 7,
          "Damage:2": 4,
          "OreDict:8": "",
          "id:8": "gregtech:metal_casing"
        }
      },
      "taskID:8": "bq_standard:retrieval"
    }
  }
}