{
  "preRequisites:11": [
    404123495
  ],
  "properties:10": {
    "betterquesting:10": {
      "autoclaim:1": 0,
      "desc:8": "With MV comes the advent of §7§6Missiles.§f These are basically mobile bombs that can be assigned to strike using a §eTarget Designator.§f\n\nMissiles require a few things. §f\n\n1) §bHE (HBM Energy)§f: HE is acquired from a few different methods, including the §dSteam Turbine. §fThat will be the first generator for this tier.\n\nSteam can be passed through it for energy, and energy can be transported using §4Red Copper Cables§e§f.\n\nAny type of steam may be used.",
      "frame:8": "ROUNDED_SQUARE",
      "globalshare:1": 0,
      "icon:10": {
        "Count:3": 1,
        "Damage:2": 0,
        "OreDict:8": "",
        "id:8": "hbm:machine_turbine"
      },
      "ignoresview:1": 0,
      "ismain:1": 0,
      "issilent:1": 0,
      "lockedprogress:1": 0,
      "name:8": "MISSILES! (1)",
      "questlogic:8": "AND",
      "repeat_relative:1": 1,
      "repeattime:3": -1,
      "simultaneous:1": 0,
      "snd_complete:8": "minecraft:entity.player.levelup",
      "snd_update:8": "minecraft:entity.player.levelup",
      "tasklogic:8": "AND",
      "visibility:8": "NORMAL"
    }
  },
  "rewards:9": {},
  "tasks:9": {
    "0:10": {
      "autoConsume:1": 0,
      "consume:1": 0,
      "entryLogic:8": "AND",
      "groupDetect:1": 0,
      "ignoreNBT:1": 0,
      "index:3": 0,
      "partialMatch:1": 1,
      "requiredItems:9": {
        "0:10": {
          "Count:3": 1,
          "Damage:2": 0,
          "OreDict:8": "",
          "id:8": "hbm:machine_turbine"
        }
      },
      "taskID:8": "bq_standard:retrieval"
    }
  }
}