{
  "preRequisites:11": [
    88845221,
    1213052223
  ],
  "properties:10": {
    "betterquesting:10": {
      "autoclaim:1": 0,
      "desc:8": "It\u0027s time for an EBF upgrade. If you haven\u0027t already, you might want to upgrade the energy hatches for it since the upcoming recipes will require ridiculous wait times. \n\n§6Remember, you can use 2 energy hatches per EBF to overclock it!\n\n§fKanthal can also be used to create§a Frames§f for§c forestry apiaries.§f",
      "frame:8": "ROUNDED_SQUARE",
      "globalshare:1": 0,
      "icon:10": {
        "Count:3": 1,
        "Damage:2": 1,
        "OreDict:8": "",
        "id:8": "gregtech:wire_coil"
      },
      "ignoresview:1": 0,
      "ismain:1": 0,
      "issilent:1": 0,
      "lockedprogress:1": 0,
      "name:8": "Kanthal Coil Blocks",
      "questlogic:8": "AND",
      "repeat_relative:1": 1,
      "repeattime:3": -1,
      "simultaneous:1": 0,
      "snd_complete:8": "minecraft:entity.player.levelup",
      "snd_update:8": "minecraft:entity.player.levelup",
      "tasklogic:8": "AND",
      "visibility:8": "NORMAL"
    }
  },
  "rewards:9": {},
  "tasks:9": {
    "0:10": {
      "autoConsume:1": 0,
      "consume:1": 0,
      "entryLogic:8": "AND",
      "groupDetect:1": 0,
      "ignoreNBT:1": 0,
      "index:3": 0,
      "partialMatch:1": 1,
      "requiredItems:9": {
        "0:10": {
          "Count:3": 16,
          "Damage:2": 1,
          "OreDict:8": "",
          "id:8": "gregtech:wire_coil"
        }
      },
      "taskID:8": "bq_standard:retrieval"
    }
  }
}