{
  "preRequisites:11": [
    290042830
  ],
  "properties:10": {
    "betterquesting:10": {
      "autoclaim:1": 0,
      "desc:8": "We’re going to need to start generating some steam for the machines we’ll be making in the upcoming quests. For now, you can only craft a few basic steam boilers. As you progress, you’ll unlock steel and be able to upgrade to more efficient ones.\n\nHere’s what you’ve got to work with:\n\nSmall Steam Solid Fuel Boiler: Turns water and burnable fuels like coal and wood into steam.\nSmall Steam Liquid Boiler: Uses water and lava to produce steam.\nSmall Solar Boiler: Uses sunlight and water to produce steam (Only works during the day)",
      "frame:8": "ROUNDED_SQUARE",
      "globalshare:1": 0,
      "icon:10": {
        "Count:3": 1,
        "Damage:2": 1,
        "OreDict:8": "",
        "id:8": "gregtech:machine"
      },
      "ignoresview:1": 0,
      "ismain:1": 0,
      "issilent:1": 0,
      "lockedprogress:1": 0,
      "name:8": "Need for steam",
      "questlogic:8": "AND",
      "repeat_relative:1": 1,
      "repeattime:3": -1,
      "simultaneous:1": 0,
      "snd_complete:8": "minecraft:entity.player.levelup",
      "snd_update:8": "minecraft:entity.player.levelup",
      "tasklogic:8": "OR",
      "visibility:8": "NORMAL"
    }
  },
  "rewards:9": {},
  "tasks:9": {
    "0:10": {
      "allowAnvil:1": 0,
      "allowCraft:1": 1,
      "allowSmelt:1": 0,
      "ignoreNBT:1": 0,
      "index:3": 0,
      "partialMatch:1": 1,
      "requiredItems:9": {
        "0:10": {
          "Count:3": 1,
          "Damage:2": 5,
          "OreDict:8": "",
          "id:8": "gregtech:machine"
        },
        "1:10": {
          "Count:3": 1,
          "Damage:2": 1,
          "OreDict:8": "",
          "id:8": "gregtech:machine"
        },
        "2:10": {
          "Count:3": 1,
          "Damage:2": 3,
          "OreDict:8": "",
          "id:8": "gregtech:machine"
        }
      },
      "taskID:8": "bq_standard:crafting"
    }
  }
}