{
  "preRequisites:11": [
    2073611471
  ],
  "properties:10": {
    "betterquesting:10": {
      "autoclaim:1": 0,
      "desc:8": "This will take a while, but it’s worth it.\n\n Combine 1 iron and 2 coal dust in the Primitive Blast Furnace to get 1 steel ingot after 90 seconds.\n\nBut yay, you can now upgrade your machines and make them run a microsecond faster!!11!1!1\n\n\n",
      "frame:8": "CIRCLE",
      "globalshare:1": 0,
      "icon:10": {
        "Count:3": 1,
        "Damage:2": 324,
        "OreDict:8": "",
        "id:8": "gregtech:meta_ingot"
      },
      "ignoresview:1": 0,
      "ismain:1": 0,
      "issilent:1": 0,
      "lockedprogress:1": 0,
      "name:8": "Steel Ingot",
      "questlogic:8": "AND",
      "repeat_relative:1": 1,
      "repeattime:3": -1,
      "simultaneous:1": 0,
      "snd_complete:8": "minecraft:entity.player.levelup",
      "snd_update:8": "minecraft:entity.player.levelup",
      "tasklogic:8": "AND",
      "visibility:8": "NORMAL"
    }
  },
  "rewards:9": {},
  "tasks:9": {
    "0:10": {
      "autoConsume:1": 0,
      "consume:1": 0,
      "entryLogic:8": "AND",
      "groupDetect:1": 0,
      "ignoreNBT:1": 0,
      "index:3": 1,
      "partialMatch:1": 1,
      "requiredItems:9": {
        "0:10": {
          "Count:3": 1,
          "Damage:2": 324,
          "OreDict:8": "",
          "id:8": "gregtech:meta_ingot"
        }
      },
      "taskID:8": "bq_standard:retrieval"
    }
  }
}