{
  "preRequisites:11": [],
  "properties:10": {
    "betterquesting:10": {
      "autoclaim:1": 0,
      "desc:8": "GregTech is a mod that overhauls Minecraft by introducing numerous machines and materials, and adjusting recipes to fit a balanced system.\nIn this mod pack, GregTech Aurora enhances the core GregTech experience with new multiblocks, recipes, and features.\nAs you advance through the tiers, you\u0027ll discover how GregTech Aurora interacts with GregTech.",
      "frame:8": "DIAGONAL_STAR4_ON_CROSS",
      "globalshare:1": 0,
      "icon:10": {
        "Count:3": 1,
        "Damage:2": 0,
        "OreDict:8": "",
        "id:8": "minecraft:nether_star"
      },
      "ignoresview:1": 0,
      "ismain:1": 0,
      "issilent:1": 0,
      "lockedprogress:1": 0,
      "name:8": "Welcome to Gregtech!",
      "questlogic:8": "AND",
      "repeat_relative:1": 1,
      "repeattime:3": -1,
      "simultaneous:1": 0,
      "snd_complete:8": "minecraft:entity.player.levelup",
      "snd_update:8": "minecraft:entity.player.levelup",
      "tasklogic:8": "AND",
      "visibility:8": "NORMAL"
    }
  },
  "rewards:9": {
    "0:10": {
      "amount:3": 10,
      "index:3": 0,
      "isLevels:1": 0,
      "rewardID:8": "bq_standard:xp"
    }
  },
  "tasks:9": {
    "0:10": {
      "index:3": 0,
      "taskID:8": "bq_standard:checkbox"
    }
  }
}