{
  "preRequisites:11": [
    2073611471
  ],
  "properties:10": {
    "betterquesting:10": {
      "autoclaim:1": 0,
      "desc:8": "This modpack contains §dmagic, §fand like GTNH there is a separate §5magic route §fyou can do to unlock more efficient recipes for §6Tech.\n\n§f§aThe Vis-Fired PBF§f is one example; if you have discovered the §9Essentia Smeltery §fyet, you can make Essentia and put it in the VFPBF and up to §c§bdouble §fthe processing speed for Steel, as well as giving extra §6Thaumcraft §fbyproducts!\n\nNote: This requires less §bFirebrick§f but more Solid Steel Casings.",
      "frame:8": "ROUNDED_SQUARE",
      "globalshare:1": 0,
      "icon:10": {
        "Count:3": 1,
        "Damage:2": 1014,
        "OreDict:8": "",
        "id:8": "gregtech:machine"
      },
      "ignoresview:1": 0,
      "ismain:1": 0,
      "issilent:1": 0,
      "lockedprogress:1": 0,
      "name:8": "Vis-Fired PBF",
      "questlogic:8": "AND",
      "repeat_relative:1": 1,
      "repeattime:3": -1,
      "simultaneous:1": 0,
      "snd_complete:8": "minecraft:entity.player.levelup",
      "snd_update:8": "minecraft:entity.player.levelup",
      "tasklogic:8": "AND",
      "visibility:8": "NORMAL"
    }
  },
  "rewards:9": {},
  "tasks:9": {
    "0:10": {
      "autoConsume:1": 0,
      "consume:1": 0,
      "entryLogic:8": "AND",
      "groupDetect:1": 0,
      "ignoreNBT:1": 0,
      "index:3": 0,
      "partialMatch:1": 1,
      "requiredItems:9": {
        "0:10": {
          "Count:3": 1,
          "Damage:2": 0,
          "OreDict:8": "",
          "id:8": "gtaurora:vis_fired_pbf"
        }
      },
      "taskID:8": "bq_standard:optional_retrieval"
    }
  }
}