{
  "preRequisites:11": [
    609701238,
    1626462098
  ],
  "properties:10": {
    "betterquesting:10": {
      "autoclaim:1": 0,
      "desc:8": "I tried finding a \"walks into a bar\" joke but couldn’t come up with one. \n§6It’s a good idea to passive these early, as you’ll need a lot of them. \n\n§fRubber is §avery important for early game up to MV and HV§f, till you can get §eartificial polymers§f like SBD Rubber or §bSilicone Rubber.",
      "frame:8": "ROUNDED_SQUARE",
      "globalshare:1": 0,
      "icon:10": {
        "Count:3": 1,
        "Damage:2": 1068,
        "OreDict:8": "",
        "id:8": "gregtech:meta_ingot"
      },
      "ignoresview:1": 0,
      "ismain:1": 0,
      "issilent:1": 0,
      "lockedprogress:1": 0,
      "name:8": "Rubber Bar",
      "questlogic:8": "AND",
      "repeat_relative:1": 1,
      "repeattime:3": -1,
      "simultaneous:1": 0,
      "snd_complete:8": "minecraft:entity.player.levelup",
      "snd_update:8": "minecraft:entity.player.levelup",
      "tasklogic:8": "AND",
      "visibility:8": "NORMAL"
    }
  },
  "rewards:9": {
    "0:10": {
      "index:3": 0,
      "rewardID:8": "bq_standard:item",
      "rewards:9": {
        "0:10": {
          "Count:3": 1,
          "Damage:2": 0,
          "OreDict:8": "",
          "id:8": "gtaurora:quantum_credit"
        }
      }
    }
  },
  "tasks:9": {
    "0:10": {
      "autoConsume:1": 0,
      "consume:1": 0,
      "entryLogic:8": "AND",
      "groupDetect:1": 0,
      "ignoreNBT:1": 0,
      "index:3": 0,
      "partialMatch:1": 1,
      "requiredItems:9": {
        "0:10": {
          "Count:3": 1,
          "Damage:2": 1068,
          "OreDict:8": "",
          "id:8": "gregtech:meta_ingot"
        }
      },
      "taskID:8": "bq_standard:retrieval"
    }
  }
}