{
  "preRequisites:11": [
    940469032
  ],
  "properties:10": {
    "betterquesting:10": {
      "autoclaim:1": 0,
      "desc:8": "§7§6Storage Cells§f and §aDrives§f are required for storage of items, as well as a §dTerminal/Crafting Terminal.\n\n§fAll of these recipes are very tedious, so please put AE2 off till mid-to-late HV.",
      "frame:8": "ROUNDED_SQUARE",
      "globalshare:1": 0,
      "icon:10": {
        "Count:3": 1,
        "Damage:2": 0,
        "OreDict:8": "",
        "id:8": "appliedenergistics2:drive"
      },
      "ignoresview:1": 0,
      "ismain:1": 0,
      "issilent:1": 0,
      "lockedprogress:1": 0,
      "name:8": "Storage and Drives",
      "questlogic:8": "AND",
      "repeat_relative:1": 1,
      "repeattime:3": -1,
      "simultaneous:1": 0,
      "snd_complete:8": "minecraft:entity.player.levelup",
      "snd_update:8": "minecraft:entity.player.levelup",
      "tasklogic:8": "AND",
      "visibility:8": "NORMAL"
    }
  },
  "rewards:9": {},
  "tasks:9": {
    "0:10": {
      "autoConsume:1": 0,
      "consume:1": 0,
      "entryLogic:8": "AND",
      "groupDetect:1": 0,
      "ignoreNBT:1": 0,
      "index:3": 1,
      "partialMatch:1": 1,
      "requiredItems:9": {
        "0:10": {
          "Count:3": 1,
          "Damage:2": 0,
          "OreDict:8": "",
          "id:8": "appliedenergistics2:drive"
        },
        "1:10": {
          "Count:3": 1,
          "Damage:2": 35,
          "OreDict:8": "",
          "id:8": "appliedenergistics2:material"
        }
      },
      "taskID:8": "bq_standard:retrieval"
    }
  }
}