{
  "preRequisites:11": [
    940469032
  ],
  "properties:10": {
    "betterquesting:10": {
      "autoclaim:1": 0,
      "desc:8": "Both of these components are required for networking.\n\n§6Flourine§f is required for Glass Cables, although it can be exchanged for §dRadon§f for a higher yield.\n",
      "frame:8": "ROUNDED_SQUARE",
      "globalshare:1": 0,
      "icon:10": {
        "Count:3": 1,
        "Damage:2": 16,
        "OreDict:8": "",
        "id:8": "appliedenergistics2:part"
      },
      "ignoresview:1": 0,
      "ismain:1": 0,
      "issilent:1": 0,
      "lockedprogress:1": 0,
      "name:8": "Glass Cables and Quartz Fiber",
      "questlogic:8": "AND",
      "repeat_relative:1": 1,
      "repeattime:3": -1,
      "simultaneous:1": 0,
      "snd_complete:8": "minecraft:entity.player.levelup",
      "snd_update:8": "minecraft:entity.player.levelup",
      "tasklogic:8": "AND",
      "visibility:8": "NORMAL"
    }
  },
  "rewards:9": {},
  "tasks:9": {
    "0:10": {
      "autoConsume:1": 0,
      "consume:1": 0,
      "entryLogic:8": "AND",
      "groupDetect:1": 0,
      "ignoreNBT:1": 0,
      "index:3": 0,
      "partialMatch:1": 1,
      "requiredItems:9": {
        "0:10": {
          "Count:3": 1,
          "Damage:2": 140,
          "OreDict:8": "",
          "id:8": "appliedenergistics2:part"
        },
        "1:10": {
          "Count:3": 1,
          "Damage:2": 16,
          "OreDict:8": "",
          "id:8": "appliedenergistics2:part"
        }
      },
      "taskID:8": "bq_standard:retrieval"
    }
  }
}