{
  "preRequisites:11": [
    2026403774
  ],
  "properties:10": {
    "betterquesting:10": {
      "autoclaim:1": 0,
      "desc:8": "§dThe Fluix Cleanroom§f is a custom multiblock added for AE2 recipes.\n\nIt is required to create a majority of the AE2 Components, and it runs on §dEU.§f it requires§b Sky Stone and §bTempered Glass,§f as well as a Cleanroom block.\n\nIt is recommended you craft this as soon as possible.\n\n§eNote: Due to haphazard coding, you can only place the I/O blocks in the configuration shown in the JEI preview.",
      "frame:8": "ROUNDED_SQUARE",
      "globalshare:1": 0,
      "icon:10": {
        "Count:3": 1,
        "Damage:2": 0,
        "OreDict:8": "",
        "id:8": "gregtechaurora:ae2fluixcleanroom"
      },
      "ignoresview:1": 0,
      "ismain:1": 0,
      "issilent:1": 0,
      "lockedprogress:1": 0,
      "name:8": "Cleanroom Shenanigans #2",
      "questlogic:8": "AND",
      "repeat_relative:1": 1,
      "repeattime:3": -1,
      "simultaneous:1": 0,
      "snd_complete:8": "minecraft:entity.player.levelup",
      "snd_update:8": "minecraft:entity.player.levelup",
      "tasklogic:8": "AND",
      "visibility:8": "NORMAL"
    }
  },
  "rewards:9": {},
  "tasks:9": {
    "0:10": {
      "autoConsume:1": 0,
      "consume:1": 0,
      "entryLogic:8": "AND",
      "groupDetect:1": 0,
      "ignoreNBT:1": 0,
      "index:3": 0,
      "partialMatch:1": 1,
      "requiredItems:9": {
        "0:10": {
          "Count:3": 1,
          "Damage:2": 0,
          "OreDict:8": "",
          "id:8": "gregtechaurora:ae2fluixcleanroom"
        }
      },
      "taskID:8": "bq_standard:retrieval"
    }
  }
}