{
  "properties:10": {
    "betterquesting:10": {
      "bg_image:8": "",
      "bg_size:3": 256,
      "desc:8": "Welcome to the Steam Age! This is the first and easiest stage of GregTech.",
      "icon:10": {
        "Count:3": 1,
        "Damage:2": 1024,
        "OreDict:8": "",
        "id:8": "gregtech:machine"
      },
      "name:8": "Steam Age",
      "visibility:8": "CHAIN"
    }
  },
  "quests:9": {
    "0:10": {
      "id:3": 17323659,
      "sizeX:3": 24,
      "sizeY:3": 24,
      "x:3": 42,
      "y:3": 156
    },
    "1:10": {
      "id:3": 65112641,
      "sizeX:3": 24,
      "sizeY:3": 24,
      "x:3": 114,
      "y:3": 95
    },
    "2:10": {
      "id:3": 130675860,
      "sizeX:3": 24,
      "sizeY:3": 24,
      "x:3": 114,
      "y:3": 132
    },
    "3:10": {
      "id:3": 163469264,
      "sizeX:3": 42,
      "sizeY:3": 42,
      "x:3": 324,
      "y:3": 132
    },
    "4:10": {
      "id:3": 290042830,
      "sizeX:3": 24,
      "sizeY:3": 24,
      "x:3": -192,
      "y:3": 252
    },
    "5:10": {
      "id:3": 324921676,
      "sizeX:3": 24,
      "sizeY:3": 24,
      "x:3": 174,
      "y:3": 132
    },
    "6:10": {
      "id:3": 609701238,
      "sizeX:3": 24,
      "sizeY:3": 24,
      "x:3": -24,
      "y:3": 252
    },
    "7:10": {
      "id:3": 628038786,
      "sizeX:3": 24,
      "sizeY:3": 24,
      "x:3": 42,
      "y:3": 228
    },
    "8:10": {
      "id:3": 637960525,
      "sizeX:3": 48,
      "sizeY:3": 48,
      "x:3": -24,
      "y:3": -24
    },
    "9:10": {
      "id:3": 699382961,
      "sizeX:3": 48,
      "sizeY:3": 48,
      "x:3": -300,
      "y:3": 240
    },
    "10:10": {
      "id:3": 720525512,
      "sizeX:3": 24,
      "sizeY:3": 24,
      "x:3": -24,
      "y:3": 312
    },
    "11:10": {
      "id:3": 806311250,
      "sizeX:3": 24,
      "sizeY:3": 24,
      "x:3": 42,
      "y:3": 270
    },
    "12:10": {
      "id:3": 860457703,
      "sizeX:3": 30,
      "sizeY:3": 30,
      "x:3": -144,
      "y:3": 264
    },
    "13:10": {
      "id:3": 905608022,
      "sizeX:3": 24,
      "sizeY:3": 24,
      "x:3": -24,
      "y:3": 132
    },
    "14:10": {
      "id:3": 991344525,
      "sizeX:3": 24,
      "sizeY:3": 24,
      "x:3": 174,
      "y:3": 198
    },
    "15:10": {
      "id:3": 1139302657,
      "sizeX:3": 24,
      "sizeY:3": 24,
      "x:3": 114,
      "y:3": 198
    },
    "16:10": {
      "id:3": 1179522655,
      "sizeX:3": 24,
      "sizeY:3": 24,
      "x:3": -24,
      "y:3": 192
    },
    "17:10": {
      "id:3": 1268789402,
      "sizeX:3": 60,
      "sizeY:3": 60,
      "x:3": 318,
      "y:3": 276
    },
    "18:10": {
      "id:3": 1337902114,
      "sizeX:3": 24,
      "sizeY:3": 24,
      "x:3": -186,
      "y:3": 174
    },
    "19:10": {
      "id:3": 1393097171,
      "sizeX:3": 24,
      "sizeY:3": 24,
      "x:3": 240,
      "y:3": 132
    },
    "20:10": {
      "id:3": 1398692305,
      "sizeX:3": 24,
      "sizeY:3": 24,
      "x:3": 120,
      "y:3": 342
    },
    "21:10": {
      "id:3": 1626462098,
      "sizeX:3": 24,
      "sizeY:3": 24,
      "x:3": 42,
      "y:3": 312
    },
    "22:10": {
      "id:3": 1630002426,
      "sizeX:3": 24,
      "sizeY:3": 24,
      "x:3": -141,
      "y:3": 239
    },
    "23:10": {
      "id:3": 1651841271,
      "sizeX:3": 24,
      "sizeY:3": 24,
      "x:3": 114,
      "y:3": 252
    },
    "24:10": {
      "id:3": 1710752603,
      "sizeX:3": 24,
      "sizeY:3": 24,
      "x:3": 42,
      "y:3": 198
    },
    "25:10": {
      "id:3": 1731759287,
      "sizeX:3": 24,
      "sizeY:3": 24,
      "x:3": -141,
      "y:3": 297
    },
    "26:10": {
      "id:3": 1857680443,
      "sizeX:3": 24,
      "sizeY:3": 24,
      "x:3": -108,
      "y:3": 120
    },
    "27:10": {
      "id:3": 1872847466,
      "sizeX:3": 24,
      "sizeY:3": 24,
      "x:3": -24,
      "y:3": 66
    },
    "28:10": {
      "id:3": 1978672947,
      "sizeX:3": 24,
      "sizeY:3": 24,
      "x:3": 42,
      "y:3": 384
    },
    "29:10": {
      "id:3": 2073611471,
      "sizeX:3": 24,
      "sizeY:3": 24,
      "x:3": 114,
      "y:3": 66
    },
    "30:10": {
      "id:3": 2083050798,
      "sizeX:3": 24,
      "sizeY:3": 24,
      "x:3": -90,
      "y:3": 252
    }
  }
}