{
  "properties:10": {
    "betterquesting:10": {
      "bg_image:8": "",
      "bg_size:3": 256,
      "desc:8": "No Description",
      "icon:10": {
        "Count:3": 1,
        "Damage:2": 621,
        "OreDict:8": "",
        "id:8": "gregtech:meta_item_1"
      },
      "name:8": "Low Voltage",
      "visibility:8": "NORMAL"
    }
  },
  "quests:9": {
    "0:10": {
      "id:3": 75758201,
      "sizeX:3": 24,
      "sizeY:3": 24,
      "x:3": -324,
      "y:3": -144
    },
    "1:10": {
      "id:3": 108095727,
      "sizeX:3": 24,
      "sizeY:3": 24,
      "x:3": -392,
      "y:3": 108
    },
    "2:10": {
      "id:3": 113625440,
      "sizeX:3": 24,
      "sizeY:3": 24,
      "x:3": -180,
      "y:3": -180
    },
    "3:10": {
      "id:3": 120785013,
      "sizeX:3": 39,
      "sizeY:3": 40,
      "x:3": -330,
      "y:3": -15
    },
    "4:10": {
      "id:3": 131882948,
      "sizeX:3": 24,
      "sizeY:3": 24,
      "x:3": -244,
      "y:3": -8
    },
    "5:10": {
      "id:3": 132810957,
      "sizeX:3": 24,
      "sizeY:3": 24,
      "x:3": 0,
      "y:3": -97
    },
    "6:10": {
      "id:3": 143570352,
      "sizeX:3": 24,
      "sizeY:3": 24,
      "x:3": 0,
      "y:3": 132
    },
    "7:10": {
      "id:3": 264630358,
      "sizeX:3": 24,
      "sizeY:3": 24,
      "x:3": -92,
      "y:3": -11
    },
    "8:10": {
      "id:3": 389758204,
      "sizeX:3": 24,
      "sizeY:3": 24,
      "x:3": -435,
      "y:3": 251
    },
    "9:10": {
      "id:3": 445631853,
      "sizeX:3": 24,
      "sizeY:3": 24,
      "x:3": -244,
      "y:3": 96
    },
    "10:10": {
      "id:3": 495116099,
      "sizeX:3": 24,
      "sizeY:3": 24,
      "x:3": 127,
      "y:3": 72
    },
    "11:10": {
      "id:3": 498153597,
      "sizeX:3": 24,
      "sizeY:3": 24,
      "x:3": -360,
      "y:3": -144
    },
    "12:10": {
      "id:3": 525483233,
      "sizeX:3": 24,
      "sizeY:3": 24,
      "x:3": -204,
      "y:3": 180
    },
    "13:10": {
      "id:3": 597280657,
      "sizeX:3": 51,
      "sizeY:3": 55,
      "x:3": 242,
      "y:3": -112
    },
    "14:10": {
      "id:3": 629692512,
      "sizeX:3": 24,
      "sizeY:3": 24,
      "x:3": -288,
      "y:3": 180
    },
    "15:10": {
      "id:3": 650091005,
      "sizeX:3": 24,
      "sizeY:3": 24,
      "x:3": -144,
      "y:3": -48
    },
    "16:10": {
      "id:3": 704854618,
      "sizeX:3": 24,
      "sizeY:3": 24,
      "x:3": -252,
      "y:3": -144
    },
    "17:10": {
      "id:3": 713995829,
      "sizeX:3": 36,
      "sizeY:3": 36,
      "x:3": -252,
      "y:3": 48
    },
    "18:10": {
      "id:3": 852562332,
      "sizeX:3": 24,
      "sizeY:3": 24,
      "x:3": -96,
      "y:3": 180
    },
    "19:10": {
      "id:3": 877774798,
      "sizeX:3": 24,
      "sizeY:3": 24,
      "x:3": -144,
      "y:3": 24
    },
    "20:10": {
      "id:3": 972468523,
      "sizeX:3": 24,
      "sizeY:3": 24,
      "x:3": 108,
      "y:3": 24
    },
    "21:10": {
      "id:3": 1029835688,
      "sizeX:3": 24,
      "sizeY:3": 24,
      "x:3": 180,
      "y:3": 24
    },
    "22:10": {
      "id:3": 1082662209,
      "sizeX:3": 24,
      "sizeY:3": 24,
      "x:3": -468,
      "y:3": 108
    },
    "23:10": {
      "id:3": 1144465227,
      "sizeX:3": 24,
      "sizeY:3": 24,
      "x:3": -60,
      "y:3": 72
    },
    "24:10": {
      "id:3": 1145198908,
      "sizeX:3": 24,
      "sizeY:3": 24,
      "x:3": -288,
      "y:3": -144
    },
    "25:10": {
      "id:3": 1153247266,
      "sizeX:3": 24,
      "sizeY:3": 24,
      "x:3": -432,
      "y:3": 108
    },
    "26:10": {
      "id:3": 1172132311,
      "sizeX:3": 24,
      "sizeY:3": 24,
      "x:3": -144,
      "y:3": 72
    },
    "27:10": {
      "id:3": 1174208846,
      "sizeX:3": 24,
      "sizeY:3": 24,
      "x:3": 39,
      "y:3": 181
    },
    "28:10": {
      "id:3": 1232845491,
      "sizeX:3": 24,
      "sizeY:3": 24,
      "x:3": -217,
      "y:3": -144
    },
    "29:10": {
      "id:3": 1237573912,
      "sizeX:3": 48,
      "sizeY:3": 48,
      "x:3": 244,
      "y:3": 13
    },
    "30:10": {
      "id:3": 1269692387,
      "sizeX:3": 24,
      "sizeY:3": 24,
      "x:3": -426,
      "y:3": 39
    },
    "31:10": {
      "id:3": 1291548860,
      "sizeX:3": 24,
      "sizeY:3": 24,
      "x:3": -144,
      "y:3": 180
    },
    "32:10": {
      "id:3": 1295301872,
      "sizeX:3": 24,
      "sizeY:3": 24,
      "x:3": -144,
      "y:3": -144
    },
    "33:10": {
      "id:3": 1454203630,
      "sizeX:3": 24,
      "sizeY:3": 24,
      "x:3": -336,
      "y:3": 148
    },
    "34:10": {
      "id:3": 1501048380,
      "sizeX:3": 24,
      "sizeY:3": 24,
      "x:3": -504,
      "y:3": 108
    },
    "35:10": {
      "id:3": 1503374737,
      "sizeX:3": 24,
      "sizeY:3": 24,
      "x:3": -349,
      "y:3": 252
    },
    "36:10": {
      "id:3": 1638938486,
      "sizeX:3": 24,
      "sizeY:3": 24,
      "x:3": -144,
      "y:3": 120
    },
    "37:10": {
      "id:3": 1646554020,
      "sizeX:3": 37,
      "sizeY:3": 37,
      "x:3": -432,
      "y:3": -12
    },
    "38:10": {
      "id:3": 1713864104,
      "sizeX:3": 24,
      "sizeY:3": 24,
      "x:3": 72,
      "y:3": 72
    },
    "39:10": {
      "id:3": 1854555013,
      "sizeX:3": 24,
      "sizeY:3": 24,
      "x:3": 72,
      "y:3": -12
    },
    "40:10": {
      "id:3": 1918814801,
      "sizeX:3": 24,
      "sizeY:3": 24,
      "x:3": -336,
      "y:3": 120
    },
    "41:10": {
      "id:3": 1928384688,
      "sizeX:3": 24,
      "sizeY:3": 24,
      "x:3": 0,
      "y:3": -12
    },
    "42:10": {
      "id:3": 1955076261,
      "sizeX:3": 24,
      "sizeY:3": 24,
      "x:3": -180,
      "y:3": -144
    },
    "43:10": {
      "id:3": 2017778931,
      "sizeX:3": 24,
      "sizeY:3": 24,
      "x:3": -48,
      "y:3": 180
    },
    "44:10": {
      "id:3": 2047333416,
      "sizeX:3": 24,
      "sizeY:3": 24,
      "x:3": -392,
      "y:3": 179
    },
    "45:10": {
      "id:3": 2095024515,
      "sizeX:3": 24,
      "sizeY:3": 24,
      "x:3": -92,
      "y:3": -97
    },
    "46:10": {
      "id:3": 2131667432,
      "sizeX:3": 24,
      "sizeY:3": 24,
      "x:3": -144,
      "y:3": -96
    }
  }
}