{
  "properties:10": {
    "betterquesting:10": {
      "bg_image:8": "",
      "bg_size:3": 256,
      "desc:8": "No Description",
      "icon:10": {
        "Count:3": 1,
        "Damage:2": 0,
        "OreDict:8": "",
        "id:8": "hbm:canteen_13"
      },
      "name:8": "The Survival Guide",
      "visibility:8": "NORMAL"
    }
  },
  "quests:9": {
    "0:10": {
      "id:3": 177474347,
      "sizeX:3": 24,
      "sizeY:3": 24,
      "x:3": 60,
      "y:3": -48
    },
    "1:10": {
      "id:3": 321325965,
      "sizeX:3": 24,
      "sizeY:3": 24,
      "x:3": 60,
      "y:3": 0
    },
    "2:10": {
      "id:3": 436288733,
      "sizeX:3": 24,
      "sizeY:3": 24,
      "x:3": 0,
      "y:3": -48
    },
    "3:10": {
      "id:3": 580989844,
      "sizeX:3": 24,
      "sizeY:3": 24,
      "x:3": 168,
      "y:3": 0
    },
    "4:10": {
      "id:3": 854298937,
      "sizeX:3": 24,
      "sizeY:3": 24,
      "x:3": -84,
      "y:3": 0
    },
    "5:10": {
      "id:3": 856959320,
      "sizeX:3": 24,
      "sizeY:3": 24,
      "x:3": 0,
      "y:3": -84
    },
    "6:10": {
      "id:3": 867548700,
      "sizeX:3": 24,
      "sizeY:3": 24,
      "x:3": -24,
      "y:3": 108
    },
    "7:10": {
      "id:3": 919008478,
      "sizeX:3": 24,
      "sizeY:3": 24,
      "x:3": 204,
      "y:3": 0
    },
    "8:10": {
      "id:3": 1070290692,
      "sizeX:3": 24,
      "sizeY:3": 24,
      "x:3": 60,
      "y:3": 108
    },
    "9:10": {
      "id:3": 1111750001,
      "sizeX:3": 24,
      "sizeY:3": 24,
      "x:3": 0,
      "y:3": 48
    },
    "10:10": {
      "id:3": 1319378036,
      "sizeX:3": 24,
      "sizeY:3": 24,
      "x:3": 132,
      "y:3": 24
    },
    "11:10": {
      "id:3": 1464526033,
      "sizeX:3": 24,
      "sizeY:3": 24,
      "x:3": 132,
      "y:3": -24
    },
    "12:10": {
      "id:3": 1549648482,
      "sizeX:3": 24,
      "sizeY:3": 24,
      "x:3": -48,
      "y:3": 72
    },
    "13:10": {
      "id:3": 1644953912,
      "sizeX:3": 24,
      "sizeY:3": 24,
      "x:3": -43,
      "y:3": 0
    },
    "14:10": {
      "id:3": 1703619985,
      "sizeX:3": 24,
      "sizeY:3": 24,
      "x:3": 24,
      "y:3": 108
    },
    "15:10": {
      "id:3": 1708860855,
      "sizeX:3": 24,
      "sizeY:3": 24,
      "x:3": 48,
      "y:3": 72
    },
    "16:10": {
      "id:3": 1807695481,
      "sizeX:3": 24,
      "sizeY:3": 24,
      "x:3": 0,
      "y:3": -120
    },
    "17:10": {
      "id:3": 1939875291,
      "sizeX:3": 24,
      "sizeY:3": 24,
      "x:3": -60,
      "y:3": 108
    },
    "18:10": {
      "id:3": 1998898589,
      "sizeX:3": 48,
      "sizeY:3": 48,
      "x:3": -12,
      "y:3": -15
    }
  }
}