{
  "properties:10": {
    "betterquesting:10": {
      "bg_image:8": "",
      "bg_size:3": 256,
      "desc:8": "No Description",
      "icon:10": {
        "Count:3": 1,
        "Damage:2": 622,
        "OreDict:8": "",
        "id:8": "gregtech:meta_item_1"
      },
      "name:8": "Medium Voltage",
      "visibility:8": "NORMAL"
    }
  },
  "quests:9": {
    "0:10": {
      "id:3": 40449425,
      "sizeX:3": 24,
      "sizeY:3": 24,
      "x:3": 60,
      "y:3": 132
    },
    "1:10": {
      "id:3": 60780758,
      "sizeX:3": 24,
      "sizeY:3": 24,
      "x:3": -384,
      "y:3": -24
    },
    "2:10": {
      "id:3": 88845221,
      "sizeX:3": 36,
      "sizeY:3": 36,
      "x:3": -264,
      "y:3": -36
    },
    "3:10": {
      "id:3": 132166634,
      "sizeX:3": 24,
      "sizeY:3": 24,
      "x:3": 180,
      "y:3": -108
    },
    "4:10": {
      "id:3": 151240841,
      "sizeX:3": 24,
      "sizeY:3": 24,
      "x:3": 60,
      "y:3": 96
    },
    "5:10": {
      "id:3": 246020066,
      "sizeX:3": 24,
      "sizeY:3": 24,
      "x:3": -176,
      "y:3": 288
    },
    "6:10": {
      "id:3": 286594349,
      "sizeX:3": 24,
      "sizeY:3": 24,
      "x:3": -300,
      "y:3": -96
    },
    "7:10": {
      "id:3": 404123495,
      "sizeX:3": 48,
      "sizeY:3": 48,
      "x:3": -12,
      "y:3": 48
    },
    "8:10": {
      "id:3": 484247383,
      "sizeX:3": 48,
      "sizeY:3": 48,
      "x:3": -372,
      "y:3": -120
    },
    "9:10": {
      "id:3": 495987841,
      "sizeX:3": 24,
      "sizeY:3": 24,
      "x:3": -324,
      "y:3": -24
    },
    "10:10": {
      "id:3": 501182420,
      "sizeX:3": 24,
      "sizeY:3": 24,
      "x:3": 180,
      "y:3": -48
    },
    "11:10": {
      "id:3": 624000042,
      "sizeX:3": 24,
      "sizeY:3": 24,
      "x:3": -240,
      "y:3": 120
    },
    "12:10": {
      "id:3": 637368045,
      "sizeX:3": 24,
      "sizeY:3": 24,
      "x:3": 84,
      "y:3": -48
    },
    "13:10": {
      "id:3": 637939739,
      "sizeX:3": 24,
      "sizeY:3": 24,
      "x:3": -1,
      "y:3": -78
    },
    "14:10": {
      "id:3": 659400430,
      "sizeX:3": 36,
      "sizeY:3": 36,
      "x:3": 120,
      "y:3": 12
    },
    "15:10": {
      "id:3": 807430233,
      "sizeX:3": 24,
      "sizeY:3": 24,
      "x:3": -168,
      "y:3": -168
    },
    "16:10": {
      "id:3": 852477878,
      "sizeX:3": 24,
      "sizeY:3": 24,
      "x:3": -156,
      "y:3": 0
    },
    "17:10": {
      "id:3": 945957503,
      "sizeX:3": 24,
      "sizeY:3": 24,
      "x:3": -72,
      "y:3": 0
    },
    "18:10": {
      "id:3": 957134681,
      "sizeX:3": 24,
      "sizeY:3": 24,
      "x:3": 0,
      "y:3": 240
    },
    "19:10": {
      "id:3": 964784014,
      "sizeX:3": 24,
      "sizeY:3": 24,
      "x:3": 0,
      "y:3": 0
    },
    "20:10": {
      "id:3": 984075968,
      "sizeX:3": 24,
      "sizeY:3": 24,
      "x:3": 84,
      "y:3": -216
    },
    "21:10": {
      "id:3": 1036344194,
      "sizeX:3": 24,
      "sizeY:3": 24,
      "x:3": -128,
      "y:3": 144
    },
    "22:10": {
      "id:3": 1067607043,
      "sizeX:3": 24,
      "sizeY:3": 24,
      "x:3": 0,
      "y:3": -168
    },
    "23:10": {
      "id:3": 1127187803,
      "sizeX:3": 24,
      "sizeY:3": 24,
      "x:3": -156,
      "y:3": -60
    },
    "24:10": {
      "id:3": 1162370316,
      "sizeX:3": 24,
      "sizeY:3": 24,
      "x:3": 84,
      "y:3": -168
    },
    "25:10": {
      "id:3": 1174153005,
      "sizeX:3": 24,
      "sizeY:3": 24,
      "x:3": -300,
      "y:3": 120
    },
    "26:10": {
      "id:3": 1213052223,
      "sizeX:3": 24,
      "sizeY:3": 24,
      "x:3": -156,
      "y:3": 60
    },
    "27:10": {
      "id:3": 1280904805,
      "sizeX:3": 24,
      "sizeY:3": 24,
      "x:3": -108,
      "y:3": -192
    },
    "28:10": {
      "id:3": 1348158017,
      "sizeX:3": 24,
      "sizeY:3": 24,
      "x:3": 84,
      "y:3": -108
    },
    "29:10": {
      "id:3": 1524364537,
      "sizeX:3": 24,
      "sizeY:3": 24,
      "x:3": -204,
      "y:3": -204
    },
    "30:10": {
      "id:3": 1556453655,
      "sizeX:3": 24,
      "sizeY:3": 24,
      "x:3": -64,
      "y:3": 128
    },
    "31:10": {
      "id:3": 1652854028,
      "sizeX:3": 24,
      "sizeY:3": 24,
      "x:3": -108,
      "y:3": -156
    },
    "32:10": {
      "id:3": 1684384400,
      "sizeX:3": 24,
      "sizeY:3": 24,
      "x:3": -48,
      "y:3": -168
    },
    "33:10": {
      "id:3": 1699445200,
      "sizeX:3": 24,
      "sizeY:3": 24,
      "x:3": -176,
      "y:3": 192
    },
    "34:10": {
      "id:3": 1707719242,
      "sizeX:3": 24,
      "sizeY:3": 24,
      "x:3": -300,
      "y:3": -156
    },
    "35:10": {
      "id:3": 1738064853,
      "sizeX:3": 36,
      "sizeY:3": 36,
      "x:3": 120,
      "y:3": 132
    },
    "36:10": {
      "id:3": 1810267450,
      "sizeX:3": 24,
      "sizeY:3": 24,
      "x:3": -176,
      "y:3": 240
    },
    "37:10": {
      "id:3": 1862187288,
      "sizeX:3": 36,
      "sizeY:3": 36,
      "x:3": -7,
      "y:3": -142
    },
    "38:10": {
      "id:3": 1940401810,
      "sizeX:3": 24,
      "sizeY:3": 24,
      "x:3": -224,
      "y:3": 240
    },
    "39:10": {
      "id:3": 1953702702,
      "sizeX:3": 24,
      "sizeY:3": 24,
      "x:3": -300,
      "y:3": 192
    },
    "40:10": {
      "id:3": 1958302562,
      "sizeX:3": 24,
      "sizeY:3": 24,
      "x:3": 0,
      "y:3": 128
    },
    "41:10": {
      "id:3": 1964587602,
      "sizeX:3": 24,
      "sizeY:3": 24,
      "x:3": -72,
      "y:3": 72
    },
    "42:10": {
      "id:3": 1981356946,
      "sizeX:3": 24,
      "sizeY:3": 24,
      "x:3": -300,
      "y:3": 48
    },
    "43:10": {
      "id:3": 1992688950,
      "sizeX:3": 24,
      "sizeY:3": 24,
      "x:3": 60,
      "y:3": 60
    },
    "44:10": {
      "id:3": 2032565788,
      "sizeX:3": 36,
      "sizeY:3": 36,
      "x:3": 120,
      "y:3": 72
    },
    "45:10": {
      "id:3": 2092962959,
      "sizeX:3": 22,
      "sizeY:3": 23,
      "x:3": 0,
      "y:3": -103
    },
    "46:10": {
      "id:3": 2100160114,
      "sizeX:3": 24,
      "sizeY:3": 24,
      "x:3": -204,
      "y:3": -168
    },
    "47:10": {
      "id:3": 2118420689,
      "sizeX:3": 24,
      "sizeY:3": 24,
      "x:3": -176,
      "y:3": 112
    }
  }
}