{
  "properties:10": {
    "betterquesting:10": {
      "bg_image:8": "",
      "bg_size:3": 256,
      "desc:8": "A mod about matter,. energy, and a whole lot of cleanrooms..",
      "icon:10": {
        "Count:3": 1,
        "Damage:2": 2,
        "OreDict:8": "",
        "id:8": "chisel:futura"
      },
      "name:8": "Applied Energistics 2",
      "visibility:8": "NORMAL"
    }
  },
  "quests:9": {
    "0:10": {
      "id:3": 103015862,
      "sizeX:3": 24,
      "sizeY:3": 24,
      "x:3": -12,
      "y:3": 132
    },
    "1:10": {
      "id:3": 445490698,
      "sizeX:3": 24,
      "sizeY:3": 24,
      "x:3": -12,
      "y:3": -12
    },
    "2:10": {
      "id:3": 580654015,
      "sizeX:3": 24,
      "sizeY:3": 24,
      "x:3": 36,
      "y:3": 12
    },
    "3:10": {
      "id:3": 613544929,
      "sizeX:3": 24,
      "sizeY:3": 24,
      "x:3": -12,
      "y:3": 96
    },
    "4:10": {
      "id:3": 904613571,
      "sizeX:3": 24,
      "sizeY:3": 24,
      "x:3": -48,
      "y:3": 96
    },
    "5:10": {
      "id:3": 940469032,
      "sizeX:3": 24,
      "sizeY:3": 24,
      "x:3": -12,
      "y:3": 60
    },
    "6:10": {
      "id:3": 1172927446,
      "sizeX:3": 24,
      "sizeY:3": 24,
      "x:3": 60,
      "y:3": 60
    },
    "7:10": {
      "id:3": 1223107486,
      "sizeX:3": 24,
      "sizeY:3": 24,
      "x:3": 24,
      "y:3": 60
    },
    "8:10": {
      "id:3": 1409886420,
      "sizeX:3": 24,
      "sizeY:3": 24,
      "x:3": -48,
      "y:3": 60
    },
    "9:10": {
      "id:3": 2026403774,
      "sizeX:3": 24,
      "sizeY:3": 24,
      "x:3": -12,
      "y:3": 24
    }
  }
}