{
  "preRequisites:11": [
    972468523
  ],
  "properties:10": {
    "betterquesting:10": {
      "autoclaim:1": 0,
      "desc:8": "§oNot to be confused with the Diode, (the block) which limits amperage.\n\n§fDiodes are the §bfirst §fproperly manufactured component that is going to be made; consider this a rabbit hole.\n\nLater tiers will have §eeasier-to-manufacture Diodes§f at the price of §cmore infrastructure, §flike higher tier Assembling Machines and whatnot.",
      "frame:8": "ROUNDED_SQUARE",
      "globalshare:1": 0,
      "icon:10": {
        "Count:3": 1,
        "Damage:2": 521,
        "OreDict:8": "",
        "id:8": "gregtech:meta_item_1"
      },
      "ignoresview:1": 0,
      "ismain:1": 0,
      "issilent:1": 0,
      "lockedprogress:1": 0,
      "name:8": "Diode",
      "questlogic:8": "AND",
      "repeat_relative:1": 1,
      "repeattime:3": -1,
      "simultaneous:1": 0,
      "snd_complete:8": "minecraft:entity.player.levelup",
      "snd_update:8": "minecraft:entity.player.levelup",
      "tasklogic:8": "AND",
      "visibility:8": "NORMAL"
    }
  },
  "rewards:9": {},
  "tasks:9": {
    "0:10": {
      "autoConsume:1": 0,
      "consume:1": 0,
      "entryLogic:8": "AND",
      "groupDetect:1": 0,
      "ignoreNBT:1": 0,
      "index:3": 0,
      "partialMatch:1": 1,
      "requiredItems:9": {
        "0:10": {
          "Count:3": 1,
          "Damage:2": 521,
          "OreDict:8": "",
          "id:8": "gregtech:meta_item_1"
        }
      },
      "taskID:8": "bq_standard:retrieval"
    }
  }
}