{
  "preRequisites:11": [
    1269692387
  ],
  "properties:10": {
    "betterquesting:10": {
      "autoclaim:1": 0,
      "desc:8": "§6Batteries§f: Batteries are all part of LV tools and gadgets that will help you massively in your Gregic Quest. \n\nThey unlock §9Battery Buffers§f, which are extremely useful energy storage units that also act like diodes for managing your §dAmps§f.\n\nBatteries also unlock things like §6drills, ore prospectors, and more.\n\nTo get Battery Alloy, you need a few things: namely §9Antimony§f, which is a Nether ore, and Tin Cables, which are used for §aempty battery hulls§f.",
      "frame:8": "ROUNDED_SQUARE",
      "globalshare:1": 0,
      "icon:10": {
        "Count:3": 1,
        "Damage:2": 732,
        "OreDict:8": "",
        "id:8": "gregtech:meta_item_1",
        "tag:10": {
          "Charge:4": 80000
        }
      },
      "ignoresview:1": 0,
      "ismain:1": 0,
      "issilent:1": 0,
      "lockedprogress:1": 0,
      "name:8": "Battery Alloy",
      "questlogic:8": "AND",
      "repeat_relative:1": 1,
      "repeattime:3": -1,
      "simultaneous:1": 0,
      "snd_complete:8": "minecraft:entity.player.levelup",
      "snd_update:8": "minecraft:entity.player.levelup",
      "tasklogic:8": "AND",
      "visibility:8": "NORMAL"
    }
  },
  "rewards:9": {},
  "tasks:9": {
    "0:10": {
      "autoConsume:1": 0,
      "consume:1": 0,
      "entryLogic:8": "AND",
      "groupDetect:1": 0,
      "ignoreNBT:1": 0,
      "index:3": 0,
      "partialMatch:1": 1,
      "requiredItems:9": {
        "0:10": {
          "Count:3": 1,
          "Damage:2": 256,
          "OreDict:8": "",
          "id:8": "gregtech:meta_ingot"
        }
      },
      "taskID:8": "bq_standard:optional_retrieval"
    }
  }
}