{
  "preRequisites:11": [
    2017778931
  ],
  "properties:10": {
    "betterquesting:10": {
      "autoclaim:1": 0,
      "desc:8": "The ore processing diagram may look confusing, but all you need to know is most ore in GregTech is processed like this:\n\n§6Macerator§f: Ore goes into the Macerator and makes crushed ore.\n\n§eOre Washer§f: Crushed ore goes into the Ore Washer with either distilled water or sodium persulfate, depending on the byproduct you\u0027re looking to get, and produces purified ore.\n\n§4Thermal Centrifuge§f: Purified ore goes into the Thermal Centrifuge and produces refined ore.\n\n§6§aMacerator§e§f: Refined ore goes back into the Macerator to produce ore dust.\n\n\n\n\n\n",
      "frame:8": "ROUNDED_SQUARE",
      "globalshare:1": 0,
      "icon:10": {
        "Count:3": 1,
        "Damage:2": 65,
        "OreDict:8": "",
        "id:8": "gregtech:machine"
      },
      "ignoresview:1": 0,
      "ismain:1": 0,
      "issilent:1": 0,
      "lockedprogress:1": 0,
      "name:8": "Ore Processing",
      "questlogic:8": "AND",
      "repeat_relative:1": 1,
      "repeattime:3": -1,
      "simultaneous:1": 0,
      "snd_complete:8": "minecraft:entity.player.levelup",
      "snd_update:8": "minecraft:entity.player.levelup",
      "tasklogic:8": "AND",
      "visibility:8": "NORMAL"
    }
  },
  "rewards:9": {},
  "tasks:9": {
    "0:10": {
      "autoConsume:1": 0,
      "consume:1": 0,
      "entryLogic:8": "AND",
      "groupDetect:1": 0,
      "ignoreNBT:1": 0,
      "index:3": 0,
      "partialMatch:1": 1,
      "requiredItems:9": {
        "0:10": {
          "Count:3": 2,
          "Damage:2": 65,
          "OreDict:8": "",
          "id:8": "gregtech:machine"
        },
        "1:10": {
          "Count:3": 1,
          "Damage:2": 485,
          "OreDict:8": "",
          "id:8": "gregtech:machine"
        },
        "2:10": {
          "Count:3": 1,
          "Damage:2": 605,
          "OreDict:8": "",
          "id:8": "gregtech:machine"
        }
      },
      "taskID:8": "bq_standard:retrieval"
    }
  }
}