{
  "preRequisites:11": [
    1268789402
  ],
  "properties:10": {
    "betterquesting:10": {
      "autoclaim:1": 0,
      "desc:8": "Now that we have acquired the electronic circuit, the real fun starts here.\n\nI hope you\u0027ve made a good amount of these because you\u0027re going to need them for a lot of machines.",
      "frame:8": "ROUNDED_SQUARE",
      "globalshare:1": 0,
      "icon:10": {
        "Count:3": 1,
        "Damage:2": 621,
        "OreDict:8": "",
        "id:8": "gregtech:meta_item_1"
      },
      "ignoresview:1": 0,
      "ismain:1": 1,
      "issilent:1": 0,
      "lockedprogress:1": 0,
      "name:8": "Welcome to Low Voltage tier!",
      "questlogic:8": "AND",
      "repeat_relative:1": 1,
      "repeattime:3": -1,
      "simultaneous:1": 0,
      "snd_complete:8": "minecraft:entity.player.levelup",
      "snd_update:8": "minecraft:entity.player.levelup",
      "tasklogic:8": "AND",
      "visibility:8": "NORMAL"
    }
  },
  "rewards:9": {},
  "tasks:9": {
    "0:10": {
      "autoConsume:1": 0,
      "consume:1": 0,
      "entryLogic:8": "AND",
      "groupDetect:1": 0,
      "ignoreNBT:1": 0,
      "index:3": 0,
      "partialMatch:1": 1,
      "requiredItems:9": {
        "0:10": {
          "Count:3": 32,
          "Damage:2": 621,
          "OreDict:8": "",
          "id:8": "gregtech:meta_item_1"
        }
      },
      "taskID:8": "bq_standard:retrieval"
    }
  }
}