{
  "preRequisites:11": [
    2095024515
  ],
  "properties:10": {
    "betterquesting:10": {
      "autoclaim:1": 0,
      "desc:8": "The §aElectric Blast Furnace is your first, §cand arguably the most important, §fmultiblock you will build. §6Here’s what you need to know before getting started:\n\n§fHigher Coil Tiers: Higher coil tiers §4DO NOT§f§f mean faster processing times. §6They only unlock recipes for ingots that require more heat to process.\n\n\n§fEnergy Hatches: §aYou can use 2 energy hatches to overclock this multiblock to the next recipe tier. §fCheck the (Energy and Overclock) quest for more information.\n\n\n§bWallsharing: §fThis multiblock can §awallshare§f, allowing you to place §64 EBFs§f next to each other, §breducing the cupronickel needed from 64 to 42§f. A wallshared EBF can share input and output hatches but does §4not share energy hatches.§f\n\n\nMaintenance Hatches: §5You may be wondering what these are,§f and long story short, §bMaintenance hatches§f keep the multiblock operational. You can use them to fix any malfunctions with the tools you made in previous quests.\n\n§aThere is a way to automate Maintenance in later tiers, so don\u0027t worry about it.\n\n\n§fAutobuilding: §dTo autobuild multiblocks,§f have all the materials needed in your inventory, §aplace the controller block,§f right-click with an §cempty hand§f to check the preview, and if satisfied, §5right-click the controller with the terminal.",
      "frame:8": "ROUNDED_SQUARE",
      "globalshare:1": 0,
      "icon:10": {
        "Count:3": 1,
        "Damage:2": 1001,
        "OreDict:8": "",
        "id:8": "gregtech:machine"
      },
      "ignoresview:1": 0,
      "ismain:1": 0,
      "issilent:1": 0,
      "lockedprogress:1": 0,
      "name:8": "pls don\u0027t blast me on twitter",
      "questlogic:8": "AND",
      "repeat_relative:1": 1,
      "repeattime:3": -1,
      "simultaneous:1": 0,
      "snd_complete:8": "minecraft:entity.player.levelup",
      "snd_update:8": "minecraft:entity.player.levelup",
      "tasklogic:8": "AND",
      "visibility:8": "NORMAL"
    }
  },
  "rewards:9": {},
  "tasks:9": {
    "0:10": {
      "autoConsume:1": 0,
      "consume:1": 0,
      "entryLogic:8": "AND",
      "groupDetect:1": 0,
      "ignoreNBT:1": 0,
      "index:3": 0,
      "partialMatch:1": 1,
      "requiredItems:9": {
        "0:10": {
          "Count:3": 1,
          "Damage:2": 1001,
          "OreDict:8": "",
          "id:8": "gregtech:machine"
        },
        "1:10": {
          "Count:3": 1,
          "Damage:2": 1654,
          "OreDict:8": "",
          "id:8": "gregtech:machine"
        },
        "2:10": {
          "Count:3": 1,
          "Damage:2": 1151,
          "OreDict:8": "",
          "id:8": "gregtech:machine"
        },
        "3:10": {
          "Count:3": 1,
          "Damage:2": 1166,
          "OreDict:8": "",
          "id:8": "gregtech:machine"
        },
        "4:10": {
          "Count:3": 1,
          "Damage:2": 1181,
          "OreDict:8": "",
          "id:8": "gregtech:machine"
        },
        "5:10": {
          "Count:3": 1,
          "Damage:2": 1196,
          "OreDict:8": "",
          "id:8": "gregtech:machine"
        },
        "6:10": {
          "Count:3": 1,
          "Damage:2": 1211,
          "OreDict:8": "",
          "id:8": "gregtech:machine"
        },
        "7:10": {
          "Count:3": 1,
          "Damage:2": 1657,
          "OreDict:8": "",
          "id:8": "gregtech:machine"
        },
        "8:10": {
          "Count:3": 9,
          "Damage:2": 2,
          "OreDict:8": "",
          "id:8": "gregtech:metal_casing"
        }
      },
      "taskID:8": "bq_standard:retrieval"
    }
  }
}