{
  "preRequisites:11": [
    1269692387
  ],
  "properties:10": {
    "betterquesting:10": {
      "autoclaim:1": 0,
      "desc:8": "§6Covers§f are basically attachments to machines (or any GT block for that matter, so long as it\u0027s a TileEntity) that add §badditional functionality §franging from improved item logistics, to §bredstone signal control!§f\nThey do not take up any blocks and can be removed with a §cCrowbar.\n\n\n§3There are a lot of covers throughout GT, so i will only tell you about the LV ones for now.\n\n§aLater tier covers usually require the Assembling Machine. \n\nYou will read about that in the other tiers.\n\n§9Fluid Regulator§f: §dMaintains fluids inside of a machine§f (as in, only allows specific fluids inside and at specified quantities)\n\n§cRobot Arm§f; §aAllows you to maintain a specific batch/operation, §eitem IO rate, §dbatch size, §fand §cmax items §fallowed inside of the machine at will. Very useful for complex logistics.\n\n§dSimple Covers§f: These include the Fluid Pump and Conveyor. they do not do much other than transferring §efluids§f and §ditems§f from one machine to another.\n\nNote that most of these are crafting components as well! so you need to batch-craft a lot of them for LV.\n\nYou need 6 LV motors to unlock the starting part of LV completely.",
      "frame:8": "ROUNDED_SQUARE",
      "globalshare:1": 0,
      "icon:10": {
        "Count:3": 1,
        "Damage:2": 302,
        "OreDict:8": "",
        "id:8": "gregtech:meta_item_1"
      },
      "ignoresview:1": 0,
      "ismain:1": 0,
      "issilent:1": 0,
      "lockedprogress:1": 0,
      "name:8": "Covers",
      "questlogic:8": "AND",
      "repeat_relative:1": 1,
      "repeattime:3": -1,
      "simultaneous:1": 0,
      "snd_complete:8": "minecraft:entity.player.levelup",
      "snd_update:8": "minecraft:entity.player.levelup",
      "tasklogic:8": "AND",
      "visibility:8": "NORMAL"
    }
  },
  "rewards:9": {},
  "tasks:9": {
    "0:10": {
      "autoConsume:1": 0,
      "consume:1": 0,
      "entryLogic:8": "AND",
      "groupDetect:1": 0,
      "ignoreNBT:1": 0,
      "index:3": 0,
      "partialMatch:1": 1,
      "requiredItems:9": {
        "0:10": {
          "Count:3": 1,
          "Damage:2": 321,
          "OreDict:8": "",
          "id:8": "gregtech:meta_item_1"
        }
      },
      "taskID:8": "bq_standard:retrieval"
    }
  }
}