{
  "preRequisites:11": [
    2047333416
  ],
  "properties:10": {
    "betterquesting:10": {
      "autoclaim:1": 0,
      "desc:8": "\n\"Kids\u0027 IPad\" - Igblon\n\n§7§6You ever feel like,§f finding ore veins manually is §dtoo much trouble for you?§f ever feel like you §balways hit the wrong vein at the wrong time?§f well, look no further than the §6Ore Prospector.§e This allows you to map out ore veins and mark them in your map at the cost of EU.",
      "frame:8": "ROUNDED_SQUARE",
      "globalshare:1": 0,
      "icon:10": {
        "Count:3": 1,
        "Damage:2": 467,
        "OreDict:8": "",
        "id:8": "gregtech:meta_item_1",
        "tag:10": {
          "Charge:4": 1600000
        }
      },
      "ignoresview:1": 0,
      "ismain:1": 0,
      "issilent:1": 0,
      "lockedprogress:1": 0,
      "name:8": "X-Ray",
      "questlogic:8": "AND",
      "repeat_relative:1": 1,
      "repeattime:3": -1,
      "simultaneous:1": 0,
      "snd_complete:8": "minecraft:entity.player.levelup",
      "snd_update:8": "minecraft:entity.player.levelup",
      "tasklogic:8": "AND",
      "visibility:8": "NORMAL"
    }
  },
  "rewards:9": {
    "0:10": {
      "index:3": 0,
      "rewardID:8": "bq_standard:item",
      "rewards:9": {
        "0:10": {
          "Count:3": 4,
          "Damage:2": 101,
          "OreDict:8": "",
          "id:8": "gregtech:meta_dust"
        }
      }
    }
  },
  "tasks:9": {}
}