{
  "preRequisites:11": [
    120785013
  ],
  "properties:10": {
    "betterquesting:10": {
      "autoclaim:1": 0,
      "desc:8": "Congrats! You just finished §6Steam.§f Now, you must be wondering, \"But greg, how do i make power?\"\n\nThe answer is the §aSteam Turbine.§f It turns steam into EU (Energy Unit). As simple as that.\n\nWell, not §1just that..§f you also need to understand §eAmperage.§f\n\n1 Steam Turbine can output 1 LV Amp. An Amp is requested by a machine every time it does a process, and Amps run through wires.\n\nIf the voltage tier of the Amp is too high, for example i\u0027m using MV generators and MV cables to feed an LV Machine, it will §cexplode.§f\n\nAnd also, how cables work is that if you have a §b1x§k§f cable, and you have 4 turbines, all being 1 amp, then the cable will burn up.\n\n§9So do not put more amps through a cable than required. If you can afford it, use 4x and thicker cables to transport more amps without burning up the cables.",
      "frame:8": "ROUNDED_SQUARE",
      "globalshare:1": 0,
      "icon:10": {
        "Count:3": 1,
        "Damage:2": 950,
        "OreDict:8": "",
        "id:8": "gregtech:machine"
      },
      "ignoresview:1": 0,
      "ismain:1": 0,
      "issilent:1": 0,
      "lockedprogress:1": 0,
      "name:8": "Power and Turbines",
      "questlogic:8": "AND",
      "repeat_relative:1": 1,
      "repeattime:3": -1,
      "simultaneous:1": 0,
      "snd_complete:8": "minecraft:entity.player.levelup",
      "snd_update:8": "minecraft:entity.player.levelup",
      "tasklogic:8": "AND",
      "visibility:8": "NORMAL"
    }
  },
  "rewards:9": {},
  "tasks:9": {
    "0:10": {
      "autoConsume:1": 0,
      "consume:1": 0,
      "entryLogic:8": "AND",
      "groupDetect:1": 0,
      "ignoreNBT:1": 0,
      "index:3": 0,
      "partialMatch:1": 1,
      "requiredItems:9": {
        "0:10": {
          "Count:3": 1,
          "Damage:2": 950,
          "OreDict:8": "",
          "id:8": "gregtech:machine"
        }
      },
      "taskID:8": "bq_standard:retrieval"
    }
  }
}