{
  "preRequisites:11": [
    852562332
  ],
  "properties:10": {
    "betterquesting:10": {
      "autoclaim:1": 0,
      "desc:8": "Combine salt and sulfuric acid in the chemical reactor to produce sodium bisulfate. Then, electrolyze the sodium bisulfate to obtain sodium persulfate, which is necessary for obtaining different byproducts when processing ore.\n\n\n\n\n\n\n",
      "frame:8": "ROUNDED_SQUARE",
      "globalshare:1": 0,
      "icon:10": {
        "Count:3": 1,
        "Damage:2": 0,
        "OreDict:8": "",
        "id:8": "forge:bucketfilled",
        "tag:10": {
          "Amount:3": 1000,
          "FluidName:8": "sodium_persulfate"
        }
      },
      "ignoresview:1": 0,
      "ismain:1": 0,
      "issilent:1": 0,
      "lockedprogress:1": 0,
      "name:8": "Sodium Persulfate",
      "questlogic:8": "AND",
      "repeat_relative:1": 1,
      "repeattime:3": -1,
      "simultaneous:1": 0,
      "snd_complete:8": "minecraft:entity.player.levelup",
      "snd_update:8": "minecraft:entity.player.levelup",
      "tasklogic:8": "AND",
      "visibility:8": "NORMAL"
    }
  },
  "rewards:9": {},
  "tasks:9": {
    "0:10": {
      "autoConsume:1": 0,
      "consume:1": 0,
      "groupDetect:1": 0,
      "ignoreNBT:1": 0,
      "index:3": 3,
      "requiredFluids:9": {
        "0:10": {
          "Amount:3": 100,
          "FluidName:8": "sodium_persulfate"
        }
      },
      "taskID:8": "bq_standard:fluid"
    }
  }
}