{
  "preRequisites:11": [
    108095727
  ],
  "properties:10": {
    "betterquesting:10": {
      "autoclaim:1": 0,
      "desc:8": "Once you have your §aBattery Hulls,§f It\u0027s time to make some actual batteries.\n\nFirst, we need the §dCanning Machine.§f it is actually pretty cheap, so don\u0027t worry too much about it.\n\nNext, you will need some sort of §bmaterial§f for your batteries.\n\nBatteries have 3 different materials they can be made out of:-\n\n§3Lithium,§f which can be obtained from a Ores (namely Lepidolite, but you will need to start oreproc for it)\nIt has the best energy capacity.\n\nThere are also §aSodium§f and §eCadmium§f batteries, and out of these §aSodium§f is the worst, followed by §eCadmium.",
      "frame:8": "ROUNDED_SQUARE",
      "globalshare:1": 0,
      "icon:10": {
        "Count:3": 1,
        "Damage:2": 466,
        "OreDict:8": "",
        "id:8": "gregtech:meta_item_1",
        "tag:10": {
          "Charge:4": 100000
        }
      },
      "ignoresview:1": 0,
      "ismain:1": 0,
      "issilent:1": 0,
      "lockedprogress:1": 0,
      "name:8": "Batteries",
      "questlogic:8": "AND",
      "repeat_relative:1": 1,
      "repeattime:3": -1,
      "simultaneous:1": 0,
      "snd_complete:8": "minecraft:entity.player.levelup",
      "snd_update:8": "minecraft:entity.player.levelup",
      "tasklogic:8": "AND",
      "visibility:8": "NORMAL"
    }
  },
  "rewards:9": {},
  "tasks:9": {
    "0:10": {
      "autoConsume:1": 0,
      "consume:1": 0,
      "entryLogic:8": "AND",
      "groupDetect:1": 0,
      "ignoreNBT:1": 0,
      "index:3": 0,
      "partialMatch:1": 1,
      "requiredItems:9": {
        "0:10": {
          "Count:3": 1,
          "Damage:2": 735,
          "OreDict:8": "batteryLv",
          "id:8": "gregtech:meta_item_1",
          "tag:10": {
            "Charge:4": 120000
          }
        }
      },
      "taskID:8": "bq_standard:retrieval"
    }
  }
}