{
  "preRequisites:11": [
    2047333416
  ],
  "properties:10": {
    "betterquesting:10": {
      "autoclaim:1": 0,
      "desc:8": "§9Drills §fare incredibly convenient electric tools that ease the lengthy process of mining; they can be outfitted with a §aDrill Head§f of your choice, and they require a §6Power Unit §fin order to craft.\n\n§9The mining size of the drills depends on the Voltage Tier, so don\u0027t expect to be mining 3x3\u0027s till MV.\n\n\n\n§fMagnets, on the other hand, are an easier way to collect §bfaraway §fitems. They require EU to run, because this is GregTech. Of course magnets need EU to work.",
      "frame:8": "ROUNDED_SQUARE",
      "globalshare:1": 0,
      "icon:10": {
        "Count:3": 1,
        "Damage:2": 0,
        "OreDict:8": "",
        "id:8": "gregtech:drill_lv",
        "tag:10": {
          "Charge:4": 2147483647,
          "DisallowContainerItem:1": 0,
          "GT.Behaviours:10": {
            "AoEColumn:3": 1,
            "AoELayer:3": 0,
            "AoERow:3": 1,
            "MaxAoEColumn:3": 1,
            "MaxAoELayer:3": 0,
            "MaxAoERow:3": 1,
            "TorchPlacing:1": 1
          },
          "GT.Tool:10": {
            "AttackDamage:5": 3.0,
            "AttackSpeed:5": -3.2,
            "Durability:3": 0,
            "HarvestLevel:3": 2,
            "Material:8": "gregtech:iron",
            "MaxDurability:3": 767,
            "ToolSpeed:5": 6.0
          },
          "HideFlags:3": 2,
          "MaxCharge:4": 2147483647
        }
      },
      "ignoresview:1": 0,
      "ismain:1": 0,
      "issilent:1": 0,
      "lockedprogress:1": 0,
      "name:8": "Drills and Magnets",
      "questlogic:8": "AND",
      "repeat_relative:1": 1,
      "repeattime:3": -1,
      "simultaneous:1": 0,
      "snd_complete:8": "minecraft:entity.player.levelup",
      "snd_update:8": "minecraft:entity.player.levelup",
      "tasklogic:8": "AND",
      "visibility:8": "NORMAL"
    }
  },
  "rewards:9": {},
  "tasks:9": {
    "0:10": {
      "autoConsume:1": 0,
      "consume:1": 0,
      "entryLogic:8": "AND",
      "groupDetect:1": 0,
      "ignoreNBT:1": 1,
      "index:3": 0,
      "partialMatch:1": 1,
      "requiredItems:9": {
        "0:10": {
          "Count:3": 1,
          "Damage:2": 446,
          "OreDict:8": "",
          "id:8": "gregtech:meta_item_1",
          "tag:10": {
            "Charge:4": 100000
          }
        },
        "1:10": {
          "Count:3": 1,
          "Damage:2": 32767,
          "OreDict:8": "",
          "id:8": "gregtech:meta_tool_head_drill"
        }
      },
      "taskID:8": "bq_standard:retrieval"
    }
  }
}