{
  "preRequisites:11": [
    445631853
  ],
  "properties:10": {
    "betterquesting:10": {
      "autoclaim:1": 0,
      "desc:8": "The easiest and cheapest way to obtain oxygen currently is by §belectrolyzing water.\n\n§fYou can also make a §bGas Collector §fand centrifuge the air from it for more §ePassive §foxygen, but when you get into ore processing, you\u0027re going to get a lot of oxygen from all the different oxides anyway.",
      "frame:8": "ROUNDED_SQUARE",
      "globalshare:1": 0,
      "icon:10": {
        "Count:3": 1,
        "Damage:2": 0,
        "OreDict:8": "",
        "id:8": "forge:bucketfilled",
        "tag:10": {
          "Amount:3": 1000,
          "FluidName:8": "oxygen"
        }
      },
      "ignoresview:1": 0,
      "ismain:1": 0,
      "issilent:1": 0,
      "lockedprogress:1": 0,
      "name:8": "Oxygen",
      "questlogic:8": "AND",
      "repeat_relative:1": 1,
      "repeattime:3": -1,
      "simultaneous:1": 0,
      "snd_complete:8": "minecraft:entity.player.levelup",
      "snd_update:8": "minecraft:entity.player.levelup",
      "tasklogic:8": "AND",
      "visibility:8": "NORMAL"
    }
  },
  "rewards:9": {},
  "tasks:9": {
    "0:10": {
      "autoConsume:1": 0,
      "consume:1": 0,
      "groupDetect:1": 0,
      "ignoreNBT:1": 0,
      "index:3": 1,
      "requiredFluids:9": {
        "0:10": {
          "Amount:3": 100,
          "FluidName:8": "oxygen"
        }
      },
      "taskID:8": "bq_standard:fluid"
    }
  }
}