{
  "preRequisites:11": [
    1111750001
  ],
  "properties:10": {
    "betterquesting:10": {
      "autoclaim:1": 0,
      "desc:8": "Food Overhaul is a medium-sized mod that tweaks many hunger aspects of the game.\n\nHere\u0027s some of the things it does §6(Copied from the curseforge so credit to ProgWML6)\n\n§6\nRebalanced food replenishment values\n\nUnprepared food, such as raw crops or meat replenish §4half a hunger shank§6\nCooked crops and meat replenish §eone full hunger shank§6\nLight meals such (soups, toast, etc) replenish around §52 hunger shanks§6\nAverage meals such (baked potato, hamburger, etc) replenish §23-4 hunger shanks§6\nLarge meals replenish around §a5 hunger shanks§f\n\nLarge meals cannot be carried as much and take longer time to eat.\n\nCrops also take §4much longer§f to grow, but you can use things like the §aLamp of Fertility§f from Thaumcraft, or the §bSprinkler Cover§f from GTFO to grow crops at an accelerated rate.\n\nYou also die §4INSTANTLY§f when your hunger falls to 0, so that means you need to stay §nVERY CAREFUL§f of your hunger while exploring.\n\nLow hunger and low health also give many §cnegative effects§f, so please don\u0027t stay at half a heart 95% of the time.\n\nHunger can also drop §aover time,§f so you need to be wary of AFKing for long periods of time.\n\nThere are some §bbuffs§f to some things, like\n\nLower hunger tiers take §aless time to deplete§f\n\nYou don\u0027t §bneed to have a full hunger bar in order to heal§f, it needs to be above 3 shanks and you can heal.\nThe healing process is much slower compared to if you have max hunger tho.",
      "frame:8": "ROUNDED_SQUARE",
      "globalshare:1": 0,
      "icon:10": {
        "Count:3": 1,
        "Damage:2": 0,
        "OreDict:8": "",
        "id:8": "harvestcraft:epicbaconitem"
      },
      "ignoresview:1": 0,
      "ismain:1": 0,
      "issilent:1": 0,
      "lockedprogress:1": 0,
      "name:8": "Food Overhaul",
      "questlogic:8": "AND",
      "repeat_relative:1": 1,
      "repeattime:3": -1,
      "simultaneous:1": 0,
      "snd_complete:8": "minecraft:entity.player.levelup",
      "snd_update:8": "minecraft:entity.player.levelup",
      "tasklogic:8": "AND",
      "visibility:8": "NORMAL"
    }
  },
  "rewards:9": {
    "0:10": {
      "index:3": 0,
      "rewardID:8": "bq_standard:item",
      "rewards:9": {
        "0:10": {
          "Count:3": 5,
          "Damage:2": 0,
          "OreDict:8": "",
          "id:8": "harvestcraft:salmonpattiesitem"
        }
      }
    }
  },
  "tasks:9": {
    "0:10": {
      "index:3": 0,
      "taskID:8": "bq_standard:checkbox"
    }
  }
}