{
  "preRequisites:11": [
    1111750001
  ],
  "properties:10": {
    "betterquesting:10": {
      "autoclaim:1": 0,
      "desc:8": "Pam\u0027s HarvestCraft is a very well-known mod, and it adds a number of new §acrops, plants, gardens. foods, and more!\n\n§fThis adds many different types of §6seeds, meals, and other things.\n\n§fNew types of raw fruits/vegetables are acquired through in-world §dGardens,§f which are like tiny lootpiles for food.",
      "frame:8": "ROUNDED_SQUARE",
      "globalshare:1": 0,
      "icon:10": {
        "Count:3": 1,
        "Damage:2": 0,
        "OreDict:8": "",
        "id:8": "harvestcraft:cottonseeditem"
      },
      "ignoresview:1": 0,
      "ismain:1": 0,
      "issilent:1": 0,
      "lockedprogress:1": 0,
      "name:8": "Pam\u0027s HC",
      "questlogic:8": "AND",
      "repeat_relative:1": 1,
      "repeattime:3": -1,
      "simultaneous:1": 0,
      "snd_complete:8": "minecraft:entity.player.levelup",
      "snd_update:8": "minecraft:entity.player.levelup",
      "tasklogic:8": "AND",
      "visibility:8": "NORMAL"
    }
  },
  "rewards:9": {},
  "tasks:9": {}
}