{
  "preRequisites:11": [
    1111750001
  ],
  "properties:10": {
    "betterquesting:10": {
      "autoclaim:1": 0,
      "desc:8": "GregTech Food Option is a §6large food mod §ffor GregTech. It has many different §bprocessing lines, §dmachines, §eand of course §fchemicals which can be laced in food for in-game server assassinations..\n\nThere are also some QoL things, like the §bSprinkler §fCover, which speeds up the growth of crops by a lot!\n\nThis line will continue later in the GT Quests.",
      "frame:8": "ROUNDED_SQUARE",
      "globalshare:1": 0,
      "icon:10": {
        "Count:3": 1,
        "Damage:2": 0,
        "OreDict:8": "",
        "id:8": "hbm:ingot_smore"
      },
      "ignoresview:1": 0,
      "ismain:1": 0,
      "issilent:1": 0,
      "lockedprogress:1": 0,
      "name:8": "GTFO",
      "questlogic:8": "AND",
      "repeat_relative:1": 1,
      "repeattime:3": -1,
      "simultaneous:1": 0,
      "snd_complete:8": "minecraft:entity.player.levelup",
      "snd_update:8": "minecraft:entity.player.levelup",
      "tasklogic:8": "AND",
      "visibility:8": "NORMAL"
    }
  },
  "rewards:9": {},
  "tasks:9": {}
}