{
  "preRequisites:11": [
    1998898589
  ],
  "properties:10": {
    "betterquesting:10": {
      "autoclaim:1": 0,
      "desc:8": "There are 3 main things from this mod that will affect your core gameplay;\n\n§61) Stack Sizes\n§fStack Sizes are halved for most items, and for Ores they\u0027re reduced all the way down to 16. So i recommend carrying some sort of backpack or storage instrument on you during mining trips.\n\n§a2) Terrain-Based Slowness\n§fYou shall move quicker/slower on land depending on the biome/block you\u0027re on.\n\n§d3) Respawning\n§fSpawning after death puts you 120 blocks away from your spawnpoint, and randomly. so you should avoid dying much..",
      "frame:8": "ROUNDED_SQUARE",
      "globalshare:1": 0,
      "icon:10": {
        "Count:3": 1,
        "Damage:2": 0,
        "OreDict:8": "",
        "id:8": "roots:runed_hoe"
      },
      "ignoresview:1": 0,
      "ismain:1": 0,
      "issilent:1": 0,
      "lockedprogress:1": 0,
      "name:8": "Iguana Tweaks",
      "questlogic:8": "AND",
      "repeat_relative:1": 1,
      "repeattime:3": -1,
      "simultaneous:1": 0,
      "snd_complete:8": "minecraft:entity.player.levelup",
      "snd_update:8": "minecraft:entity.player.levelup",
      "tasklogic:8": "AND",
      "visibility:8": "NORMAL"
    }
  },
  "rewards:9": {},
  "tasks:9": {}
}