{
  "preRequisites:11": [],
  "properties:10": {
    "betterquesting:10": {
      "autoclaim:1": 0,
      "desc:8": "Hello dear gregger!\n\n§3Thanks for installing my modpack! this really means a lot to me as a modpack developer, and the entirety of Quantum Studios thanks you for installing this modpack.\n\n§9This is the first big modpack by our team, and we are really excited to be showing it to everyone.\n\nWell, enough chit-chat. \n\nClick on the next quest for more info on survival, or head to the Steam Age quests to look at the GregTech progression!",
      "frame:8": "JAGGED",
      "globalshare:1": 0,
      "icon:10": {
        "Count:3": 1,
        "Damage:2": 0,
        "OreDict:8": "",
        "id:8": "lostinfinity:hyper_melder_powered"
      },
      "ignoresview:1": 0,
      "ismain:1": 0,
      "issilent:1": 0,
      "lockedprogress:1": 0,
      "name:8": "Welcome to GT:QU!",
      "questlogic:8": "AND",
      "repeat_relative:1": 1,
      "repeattime:3": -1,
      "simultaneous:1": 0,
      "snd_complete:8": "minecraft:entity.player.levelup",
      "snd_update:8": "minecraft:entity.player.levelup",
      "tasklogic:8": "AND",
      "visibility:8": "NORMAL"
    }
  },
  "rewards:9": {},
  "tasks:9": {
    "0:10": {
      "index:3": 0,
      "taskID:8": "bq_standard:checkbox"
    }
  }
}