{
  "preRequisites:11": [
    1998898589
  ],
  "properties:10": {
    "betterquesting:10": {
      "autoclaim:1": 0,
      "desc:8": "§5Tough As Nails §fis a survival-based mod with a §bThirst §fand §4Temperature §fsystem.\n\n§bThirst§f is like a second hunger bar and depletes after time. §eThirst does not kill you if it drops to 0, but you still need to drink in order to live.§f\n\nIf you decide to be a prick and not drink water because you\u0027re \"tough\", your vision will §cblur §fand you won\u0027t be able to read anything in your inventory.\n\nThere are many methods to maintain your temperature, ranging from handheld devices to super-cooled sweat gland implants.",
      "frame:8": "ROUNDED_SQUARE",
      "globalshare:1": 0,
      "icon:10": {
        "Count:3": 1,
        "Damage:2": 0,
        "OreDict:8": "",
        "id:8": "extratan:empty_flask"
      },
      "ignoresview:1": 0,
      "ismain:1": 0,
      "issilent:1": 0,
      "lockedprogress:1": 0,
      "name:8": "Tough As Nails",
      "questlogic:8": "AND",
      "repeat_relative:1": 1,
      "repeattime:3": -1,
      "simultaneous:1": 0,
      "snd_complete:8": "minecraft:entity.player.levelup",
      "snd_update:8": "minecraft:entity.player.levelup",
      "tasklogic:8": "AND",
      "visibility:8": "NORMAL"
    }
  },
  "rewards:9": {},
  "tasks:9": {}
}