{
  "preRequisites:11": [
    1111750001
  ],
  "properties:10": {
    "betterquesting:10": {
      "autoclaim:1": 0,
      "desc:8": "§bSerene Seasons §fis a mod that adds a few different seasons to the minecraft year; you can only grow crops effectively when they\u0027re in season.\n\n§6You can check which season a crop is by looking at the tooltip.\n\n§fTo look at which season it is right now, you can check the §bSeason Clock.\n\n§fYou can grow crops off-season using the §b§aGreenhouse Glass.",
      "frame:8": "ROUNDED_SQUARE",
      "globalshare:1": 0,
      "icon:10": {
        "Count:3": 1,
        "Damage:2": 0,
        "OreDict:8": "",
        "id:8": "sereneseasons:ss_icon"
      },
      "ignoresview:1": 0,
      "ismain:1": 0,
      "issilent:1": 0,
      "lockedprogress:1": 0,
      "name:8": "Serene Seasons",
      "questlogic:8": "AND",
      "repeat_relative:1": 1,
      "repeattime:3": -1,
      "simultaneous:1": 0,
      "snd_complete:8": "minecraft:entity.player.levelup",
      "snd_update:8": "minecraft:entity.player.levelup",
      "tasklogic:8": "AND",
      "visibility:8": "NORMAL"
    }
  },
  "rewards:9": {},
  "tasks:9": {
    "0:10": {
      "allowAnvil:1": 0,
      "allowCraft:1": 1,
      "allowSmelt:1": 1,
      "ignoreNBT:1": 0,
      "index:3": 0,
      "partialMatch:1": 1,
      "requiredItems:9": {
        "0:10": {
          "Count:3": 1,
          "Damage:2": 0,
          "OreDict:8": "",
          "id:8": "sereneseasons:season_clock"
        }
      },
      "taskID:8": "bq_standard:crafting"
    }
  }
}