{
  "preRequisites:11": [
    580989844,
    1998898589
  ],
  "properties:10": {
    "betterquesting:10": {
      "autoclaim:1": 0,
      "desc:8": "No Description",
      "frame:8": "ROUNDED_SQUARE",
      "globalshare:1": 0,
      "icon:10": {
        "Count:3": 1,
        "Damage:2": 0,
        "OreDict:8": "",
        "id:8": "rustic:elixir",
        "tag:10": {
          "ElixirEffects:9": {
            "0:10": {
              "Amplifier:3": 0,
              "Duration:3": 9600,
              "Effect:8": "rustic:ironskin"
            }
          }
        }
      },
      "ignoresview:1": 0,
      "ismain:1": 0,
      "issilent:1": 0,
      "lockedprogress:1": 0,
      "name:8": "Elixirs and Wines",
      "questlogic:8": "AND",
      "repeat_relative:1": 1,
      "repeattime:3": -1,
      "simultaneous:1": 0,
      "snd_complete:8": "minecraft:entity.player.levelup",
      "snd_update:8": "minecraft:entity.player.levelup",
      "tasklogic:8": "AND",
      "visibility:8": "NORMAL"
    }
  },
  "rewards:9": {},
  "tasks:9": {
    "0:10": {
      "autoConsume:1": 0,
      "consume:1": 0,
      "entryLogic:8": "AND",
      "groupDetect:1": 0,
      "ignoreNBT:1": 0,
      "index:3": 0,
      "partialMatch:1": 1,
      "requiredItems:9": {
        "0:10": {
          "Count:3": 1,
          "Damage:2": 0,
          "OreDict:8": "",
          "id:8": "rustic:elixir",
          "tag:10": {
            "ElixirEffects:9": {
              "0:10": {
                "Amplifier:3": 0,
                "Duration:3": 9600,
                "Effect:8": "rustic:ironskin"
              }
            }
          }
        }
      },
      "taskID:8": "bq_standard:retrieval"
    }
  }
}